symbol,event_date,entry_date,buy_price,sell_price,net_pnl_pct,hold_bars,reason,break_date,break_level,retrace_date,poi_kind,wait_bars,retrace_bars,old_net
688381.SH,20230913,20231108,28.017,0,-4.202,12,TIME_STOP,20231106,27.74,20231107,LEVEL,32,1,-3.186
000651.SZ,20231030,20231214,33.0,0,-0.4331,2,SL_GAP,20231212,33.08,20231213,FVG,31,1,-3.622
000651.SZ,20231109,20231214,33.0,0,-0.4331,2,SL_GAP,20231212,33.08,20231213,FVG,23,1,-2.835
000651.SZ,20231101,20231214,33.0,0,-0.4331,2,SL_GAP,20231212,33.08,20231213,FVG,29,1,-3.416
301115.SZ,20231218,20240320,16.55,0,-3.2943,12,TIME_STOP,20240318,16.5,20240319,OB,58,1,-2.099
605303.SH,20231212,20240104,12.29,0,-0.1805,2,BE,20240102,12.38,20240103,OB,14,1,0.557
301115.SZ,20231220,20240320,16.55,0,-3.2943,12,TIME_STOP,20240318,16.5,20240319,OB,56,1,-1.834
300943.SZ,20231221,20240103,13.958,0,-10.3432,11,SL_HIT,20231229,13.82,20240102,LEVEL,6,1,-3.032
600382.SH,20231227,20240105,4.72,0,-8.0343,11,SL_HIT,20240103,4.64,20240104,FVG,4,1,5.908
300993.SZ,20231229,20240108,10.686,0,-9.7001,10,SL_HIT,20240104,10.58,20240105,LEVEL,3,1,2.436
688013.SH,20231229,20240322,15.674,0,-10.1417,12,TIME_STOP,20240320,15.834,20240321,OB,51,1,1.166
300068.SZ,20231228,20240116,13.086,0,-2.1158,2,SL_GAP,20240112,13.176,20240115,FVG,10,1,9.45
002570.SZ,20240117,20240320,3.37,0,-2.4728,12,TIME_STOP,20240318,3.35,20240319,OB,37,1,-4.275
300656.SZ,20240131,20240322,21.42,0,-9.3438,3,SL_HIT,20240318,21.11,20240321,OB,27,3,-7.842
000589.SZ,20240110,20240311,5.362,0,-5.9835,12,TIME_STOP,20240307,5.442,20240308,FVG,35,1,5.045
002959.SZ,20240110,20240208,47.032,0,7.1968,7,TP2_RUNNER,20240206,46.432,20240207,LEVEL,19,1,-1.442
301267.SZ,20240116,20240227,28.81,0,-1.3775,2,SL_GAP,20240223,28.525,20240226,LEVEL,22,1,-6.064
002570.SZ,20240118,20240320,3.37,0,-2.4728,12,TIME_STOP,20240318,3.35,20240319,OB,36,1,-2.814
603060.SH,20240129,20240325,7.37,0,1.1725,9,BE,20240321,7.297,20240322,LEVEL,32,1,-3.514
301087.SZ,20240131,20240227,28.482,0,-3.1119,2,SL_GAP,20240223,28.2,20240226,LEVEL,11,1,-6.537
002624.SZ,20240102,20240221,9.555,0,2.8799,2,TP2_RUNNER,20240219,9.645,20240220,FVG,28,1,-13.873
300993.SZ,20240103,20240108,10.686,0,-9.7001,10,SL_HIT,20240104,10.58,20240105,LEVEL,1,1,0.002
688013.SH,20240110,20240322,15.674,0,-10.1417,12,TIME_STOP,20240320,15.834,20240321,OB,44,1,-6.531
002624.SZ,20240111,20240221,9.555,0,2.8799,2,TP2_RUNNER,20240219,9.645,20240220,FVG,21,1,-3.807
600351.SH,20240111,20240409,6.38,0,-0.3216,2,SL_GAP,20240403,6.38,20240408,OB,53,1,-1.231
688093.SH,20240111,20240306,13.24,0,-0.6485,2,SL_GAP,20240304,13.55,20240305,OB,31,1,-2.389
600703.SH,20240112,20240307,13.213,0,-2.7475,12,TIME_STOP,20240301,13.082,20240306,LEVEL,29,3,-1.66
603822.SH,20240117,20240411,21.878,0,0.7954,2,TP2_RUNNER,20240403,22.188,20240410,FVG,49,3,-2.108
002859.SZ,20240129,20240229,21.007,0,1.6906,2,TP2_RUNNER,20240227,20.877,20240228,OB,15,1,-3.79
301265.SZ,20240130,20240228,9.86,0,0.9739,7,BE,20240226,9.762,20240227,LEVEL,13,1,-6.942
001256.SZ,20240131,20240514,15.12,0,0.6583,2,TP2_RUNNER,20240430,14.97,20240513,LEVEL,56,6,-6.601
300515.SZ,20240102,20240104,10.756,0,-2.1627,2,SL_GAP,20240102,10.776,20240103,FVG,0,1,-0.567
688093.SH,20240102,20240104,16.5,0,-10.436,9,SL_HIT,20240102,16.58,20240103,FVG,0,1,-8.049
603156.SH,20240104,20240115,17.324,0,5.2372,12,TIME_STOP,20240111,17.152,20240112,LEVEL,5,1,7.066
688093.SH,20240104,20240306,13.24,0,-0.6485,2,SL_GAP,20240304,13.55,20240305,OB,36,1,-9.6
603156.SH,20240108,20240115,17.324,0,5.2372,12,TIME_STOP,20240111,17.152,20240112,LEVEL,3,1,0.999
603888.SH,20240108,20240222,16.232,0,7.1258,2,TP2_RUNNER,20240220,15.883,20240221,FVG,25,1,-4.432
000498.SZ,20240115,20240129,5.012,0,-1.4477,2,SL_GAP,20240125,4.962,20240126,LEVEL,8,1,-1.143
300699.SZ,20240115,20240219,25.616,0,-2.0425,8,SL_GAP,20240207,25.362,20240208,LEVEL,17,1,-15.516
688819.SH,20240117,20240221,26.292,0,-0.3656,2,BE,20240207,25.642,20240220,LEVEL,15,3,-6.869
002555.SZ,20240119,20240221,15.697,0,6.0853,5,TP2_RUNNER,20240219,15.367,20240220,FVG,15,1,-8.533
002166.SZ,20240131,20240308,6.96,0,-0.83,12,TIME_STOP,20240227,6.8,20240307,LEVEL,13,7,-4.641
688508.SH,20240131,20240227,36.028,0,2.9611,12,TIME_STOP,20240223,35.671,20240226,LEVEL,11,1,-4.317
000534.SZ,20240105,20240320,11.838,0,-0.0391,2,TP2_RUNNER,20240318,11.721,20240319,LEVEL,45,1,-8.128
688093.SH,20240109,20240306,13.24,0,-0.6485,2,SL_GAP,20240304,13.55,20240305,OB,33,1,-4.6
002555.SZ,20240117,20240221,15.697,0,6.0853,5,TP2_RUNNER,20240219,15.367,20240220,FVG,17,1,-5.896
002640.SZ,20240102,20240322,2.89,0,-8.071,2,SL_HIT,20240320,2.93,20240321,FVG,50,1,-2.357
600623.SH,20240110,20240319,5.79,0,-0.2791,3,SL_GAP,20240315,5.78,20240318,OB,41,1,-0.811
301225.SZ,20240228,20240304,20.676,0,1.333,12,TIME_STOP,20240229,20.059,20240301,OB,1,1,-0.475
002266.SZ,20240207,20240222,3.363,0,-0.4977,12,TIME_STOP,20240207,3.33,20240221,LEVEL,0,4,7.466
300285.SZ,20240207,20240219,19.9,0,-2.7921,12,TIME_STOP,20240207,19.703,20240208,LEVEL,0,1,1.628
600109.SH,20240208,20240220,8.551,0,0.2304,7,SL_GAP,20240208,8.481,20240219,FVG,0,1,0.113
301366.SZ,20240226,20240312,18.481,0,-0.4144,2,SL_GAP,20240308,18.831,20240311,OB,9,1,11.349
002098.SZ,20240229,20240322,5.77,0,0.2921,12,TIME_STOP,20240320,5.75,20240321,OB,14,1,9.99
300597.SZ,20240229,20240322,7.722,0,-1.9378,2,SL_GAP,20240320,7.792,20240321,FVG,14,1,11.225
301248.SZ,20240229,20240312,14.505,0,4.7358,7,TP2_RUNNER,20240308,14.361,20240311,LEVEL,6,1,18.539
002180.SZ,20240202,20240222,20.13,0,3.3979,3,TP2_RUNNER,20240220,20.21,20240221,FVG,6,1,-4.624
688069.SH,20240202,20240320,11.311,0,-7.7143,12,TIME_STOP,20240318,11.311,20240319,OB,25,1,-12.404
688606.SH,20240202,20240228,62.095,0,-1.7094,12,TIME_STOP,20240226,61.48,20240227,LEVEL,10,1,-9.595
000869.SZ,20240207,20240320,23.35,0,-0.2588,2,BE,20240318,23.46,20240319,OB,22,1,9.327
002532.SZ,20240207,20240226,4.575,0,4.0653,12,TIME_STOP,20240207,4.53,20240223,LEVEL,0,6,10.462
002635.SZ,20240207,20240320,13.867,0,-5.706,12,TIME_STOP,20240318,13.73,20240319,LEVEL,22,1,11.105
301071.SZ,20240207,20240227,27.531,0,9.3785,8,TP2_RUNNER,20240223,27.258,20240226,LEVEL,6,1,9.628
600884.SH,20240207,20240313,11.726,0,0.9951,4,TP2_RUNNER,20240311,11.61,20240312,LEVEL,17,1,4.708
688739.SH,20240207,20240430,26.582,0,1.3152,2,TP2_RUNNER,20240426,26.319,20240429,LEVEL,49,1,3.531
300054.SZ,20240208,20240220,19.26,0,3.7974,12,TIME_STOP,20240208,19.3,20240219,FVG,0,1,8.181
002635.SZ,20240219,20240320,13.867,0,-5.706,12,TIME_STOP,20240318,13.73,20240319,LEVEL,20,1,10.308
688298.SH,20240219,20240516,31.562,0,-7.4906,12,TIME_STOP,20240507,31.25,20240515,LEVEL,51,6,-3.466
688232.SH,20240221,20240322,26.003,0,-9.6097,2,SL_HIT,20240320,26.063,20240321,OB,20,1,2.475
301322.SZ,20240223,20240320,24.296,0,-0.9656,2,SL_GAP,20240318,24.055,20240319,LEVEL,16,1,1.625
300597.SZ,20240226,20240322,7.722,0,-1.9378,2,SL_GAP,20240320,7.792,20240321,FVG,17,1,2.811
300786.SZ,20240226,20240304,13.39,0,4.8921,12,TIME_STOP,20240229,13.39,20240301,OB,3,1,7.323
300801.SZ,20240226,20240304,13.665,0,-0.8161,7,SL_GAP,20240229,13.685,20240301,OB,3,1,2.431
300828.SZ,20240226,20240325,12.114,0,-0.3257,2,BE,20240318,12.144,20240322,FVG,15,4,11.337
301116.SZ,20240226,20240314,9.601,0,5.3693,5,TP2_RUNNER,20240312,9.701,20240313,FVG,11,1,3.793
301158.SZ,20240227,20240320,9.835,0,1.5852,12,TIME_STOP,20240318,9.738,20240319,LEVEL,14,1,3.204
301282.SZ,20240228,20240321,13.465,0,-11.1311,4,SL_HIT,20240319,13.332,20240320,LEVEL,14,1,-5.768
688618.SH,20240228,20240408,30.655,0,-0.3065,2,BE,20240329,30.351,20240403,LEVEL,22,3,-7.346
300095.SZ,20240229,20240320,6.897,0,0.8665,10,BE,20240318,6.829,20240319,LEVEL,12,1,8.577
688320.SH,20240229,20240319,33.77,0,-0.0452,2,BE,20240315,34.17,20240318,OB,11,1,15.365
688383.SH,20240229,20240320,75.652,0,0.0395,2,SL_GAP,20240318,74.903,20240319,LEVEL,12,1,9.507
688432.SH,20240229,20240314,10.267,0,-0.3171,2,BE,20240312,10.165,20240313,LEVEL,8,1,8.606
688543.SH,20240229,20240305,25.593,0,9.6063,12,TIME_STOP,20240301,25.425,20240304,OB,1,1,8.335
600989.SH,20240202,20240221,12.999,0,4.6775,5,TP2_RUNNER,20240219,12.87,20240220,LEVEL,5,1,-1.411
688383.SH,20240202,20240320,75.652,0,0.0395,2,SL_GAP,20240318,74.903,20240319,LEVEL,25,1,-10.601
000878.SZ,20240207,20240219,10.908,0,0.1821,3,BE,20240207,10.8,20240208,LEVEL,0,1,6.305
002402.SZ,20240208,20240312,12.546,0,-7.5925,12,TIME_STOP,20240308,12.422,20240311,LEVEL,15,1,10.728
002925.SZ,20240208,20240305,15.562,0,0.6263,12,TIME_STOP,20240301,15.502,20240304,OB,10,1,9.586
300138.SZ,20240208,20240220,11.66,0,-1.8549,12,TIME_STOP,20240208,11.66,20240219,OB,0,1,4.436
605183.SH,20240219,20240228,12.287,0,1.712,12,TIME_STOP,20240226,12.477,20240227,OB,5,1,6.405
300395.SZ,20240220,20240305,30.361,0,-1.2512,2,SL_GAP,20240301,30.431,20240304,OB,8,1,7.814
603067.SH,20240220,20240408,6.255,0,-0.194,2,BE,20240402,6.112,20240403,LEVEL,30,1,2.716
002402.SZ,20240221,20240312,12.546,0,-7.5925,12,TIME_STOP,20240308,12.422,20240311,LEVEL,12,1,4.335
002457.SZ,20240221,20240228,7.61,0,-0.3388,12,TIME_STOP,20240226,7.535,20240227,LEVEL,3,1,0.309
300656.SZ,20240221,20240322,21.42,0,-9.3438,3,SL_HIT,20240318,21.11,20240321,OB,18,3,1.742
301206.SZ,20240221,20240320,22.232,0,4.987,5,TP2_RUNNER,20240318,22.072,20240319,OB,18,1,-2.898
600212.SH,20240221,20240305,6.615,0,9.4739,12,TIME_STOP,20240301,6.55,20240304,LEVEL,7,1,13.585
603166.SH,20240221,20240319,5.535,0,2.2184,12,TIME_STOP,20240315,5.48,20240318,LEVEL,17,1,9.046
603324.SH,20240221,20240319,22.166,0,-8.4115,12,TIME_STOP,20240315,21.947,20240318,LEVEL,17,1,4.288
688255.SH,20240221,20240327,20.576,0,-0.3707,2,BE,20240315,20.596,20240326,OB,17,7,21.084
688291.SH,20240221,20240321,22.307,0,-11.4504,12,TIME_STOP,20240319,21.737,20240320,FVG,19,1,16.049
688498.SH,20240221,20240228,97.546,0,7.2991,3,TP2_RUNNER,20240226,94.785,20240227,OB,3,1,20.813
300162.SZ,20240222,20240322,5.79,0,-10.9142,12,TIME_STOP,20240320,5.88,20240321,FVG,19,1,11.462
300643.SZ,20240222,20240315,9.612,0,4.4594,2,TP2_RUNNER,20240313,9.772,20240314,FVG,14,1,9.384
301065.SZ,20240222,20240322,17.56,0,3.0207,9,BE,20240320,17.386,20240321,LEVEL,19,1,6.814
603008.SH,20240222,20240228,14.35,0,-0.0868,4,BE,20240226,14.5,20240227,OB,2,1,11.567
605060.SH,20240222,20240229,15.589,0,13.9764,6,TP2_RUNNER,20240223,15.435,20240228,LEVEL,1,3,-0.137
688432.SH,20240222,20240314,10.267,0,-0.3171,2,BE,20240312,10.165,20240313,LEVEL,13,1,8.638
300378.SZ,20240223,20240315,19.292,0,1.2556,2,TP2_RUNNER,20240313,19.612,20240314,FVG,13,1,9.244
301068.SZ,20240223,20240327,16.425,0,-1.3879,12,TIME_STOP,20240314,16.262,20240326,LEVEL,14,8,3.761
600199.SH,20240223,20240328,16.261,0,-7.4639,12,TIME_STOP,20240312,16.1,20240327,LEVEL,12,11,7.754
603356.SH,20240223,20240328,12.726,0,-12.6835,11,SL_HIT,20240311,12.6,20240327,LEVEL,11,12,14.989
688356.SH,20240223,20240412,86.528,0,-5.0825,12,TIME_STOP,20240410,87.298,20240411,FVG,31,1,2.795
688528.SH,20240223,20240320,8.26,0,-4.387,12,TIME_STOP,20240318,8.26,20240319,FVG,16,1,9.085
300448.SZ,20240226,20240314,4.36,0,2.7371,9,BE,20240312,4.317,20240313,LEVEL,11,1,9.825
300629.SZ,20240226,20240315,18.452,0,11.4451,12,TP2_RUNNER,20240312,18.292,20240314,OB,11,2,12.189
300845.SZ,20240226,20240322,7.7,0,-4.5447,2,SL_GAP,20240320,7.705,20240321,OB,17,1,4.356
300912.SZ,20240226,20240322,14.241,0,-10.4282,12,TIME_STOP,20240320,14.1,20240321,LEVEL,17,1,3.418
301033.SZ,20240226,20240320,32.928,0,-11.7352,12,TIME_STOP,20240318,32.808,20240319,OB,15,1,3.387
301222.SZ,20240226,20240321,15.703,0,-0.3382,2,SL_GAP,20240319,15.768,20240320,FVG,16,1,5.778
600232.SH,20240226,20240314,4.545,0,-0.7292,12,TIME_STOP,20240312,4.5,20240313,LEVEL,11,1,13.165
603017.SH,20240226,20240322,7.855,0,-0.3236,6,BE,20240320,7.875,20240321,FVG,17,1,-0.32
603321.SH,20240226,20240322,6.655,0,-0.3548,9,BE,20240320,6.665,20240321,OB,17,1,4.125
688383.SH,20240226,20240320,75.652,0,0.0395,2,SL_GAP,20240318,74.903,20240319,LEVEL,15,1,3.716
300546.SZ,20240227,20240322,12.585,0,-2.744,2,SL_GAP,20240320,12.46,20240321,LEVEL,16,1,6.75
605018.SH,20240228,20240320,8.766,0,-1.5383,12,TIME_STOP,20240318,8.566,20240319,LEVEL,13,1,-1.659
688317.SH,20240228,20240508,16.441,0,-0.1813,6,SL_GAP,20240506,16.041,20240507,LEVEL,43,1,-5.784
002769.SZ,20240229,20240315,6.155,0,5.7465,4,TP2_RUNNER,20240313,6.094,20240314,LEVEL,9,1,7.854
301130.SZ,20240229,20240322,23.449,0,0.7366,8,BE,20240320,23.349,20240321,OB,14,1,17.516
301362.SZ,20240229,20240318,21.833,0,0.0253,2,TP2_RUNNER,20240314,21.582,20240315,FVG,10,1,12.387
688610.SH,20240229,20240326,37.071,0,-17.583,12,SL_HIT,20240315,36.704,20240325,LEVEL,11,6,26.172
688069.SH,20240201,20240320,11.311,0,-7.7143,12,TIME_STOP,20240318,11.311,20240319,OB,26,1,-8.983
688281.SH,20240201,20240220,40.847,0,6.3059,12,TIME_STOP,20240207,40.443,20240219,LEVEL,4,2,-1.134
301071.SZ,20240202,20240227,27.531,0,9.3785,8,TP2_RUNNER,20240223,27.258,20240226,LEVEL,9,1,-4.35
600351.SH,20240202,20240409,6.38,0,-0.3216,2,SL_GAP,20240403,6.38,20240408,OB,37,1,-4.361
300129.SZ,20240205,20240314,8.33,0,2.8949,3,TP2_RUNNER,20240312,8.43,20240313,FVG,20,1,-8.992
000534.SZ,20240219,20240320,11.838,0,-0.0391,2,TP2_RUNNER,20240318,11.721,20240319,LEVEL,20,1,0.429
002111.SZ,20240219,20240306,8.07,0,-0.7955,2,SL_GAP,20240304,8.08,20240305,OB,10,1,12.19
002252.SZ,20240219,20240221,7.019,0,0.7447,12,TIME_STOP,20240219,6.95,20240220,LEVEL,0,1,4.866
002627.SZ,20240219,20240322,4.944,0,3.8393,10,TP2_RUNNER,20240320,4.824,20240321,LEVEL,22,1,4.122
301325.SZ,20240219,20240229,53.68,0,4.6283,8,TP2_RUNNER,20240223,53.149,20240228,LEVEL,4,3,0.897
605060.SH,20240219,20240223,15.589,0,13.9764,10,TP2_RUNNER,20240221,15.435,20240222,LEVEL,2,1,1.074
301196.SZ,20240220,20240227,20.125,0,-0.8526,2,SL_GAP,20240223,19.687,20240226,LEVEL,3,1,6.578
002132.SZ,20240221,20240314,2.848,0,0.9857,7,BE,20240311,2.82,20240313,LEVEL,13,2,2.962
603067.SH,20240221,20240408,6.255,0,-0.194,2,BE,20240402,6.112,20240403,LEVEL,29,1,2.803
688005.SH,20240221,20240415,22.132,0,-9.6033,12,TIME_STOP,20240409,21.375,20240412,OB,32,3,-3.899
688010.SH,20240221,20240320,19.83,0,-0.2556,2,SL_GAP,20240318,19.634,20240319,LEVEL,18,1,10.561
688349.SH,20240221,20240319,21.112,0,-0.7723,2,SL_GAP,20240315,21.343,20240318,OB,17,1,10.694
688531.SH,20240221,20240508,34.636,0,-0.2762,2,BE,20240506,34.779,20240507,OB,48,1,5.523
002132.SZ,20240222,20240314,2.848,0,0.9857,7,BE,20240311,2.82,20240313,LEVEL,12,2,4.906
002634.SZ,20240222,20240325,5.757,0,-2.6014,12,TIME_STOP,20240318,5.7,20240322,LEVEL,17,4,6.771
300700.SZ,20240222,20240313,9.421,0,-4.8836,12,TIME_STOP,20240311,9.328,20240312,LEVEL,12,1,16.324
300786.SZ,20240222,20240304,13.39,0,4.8921,12,TIME_STOP,20240229,13.39,20240301,OB,5,1,16.913
301290.SZ,20240222,20240227,20.741,0,0.8994,12,TIME_STOP,20240223,20.231,20240226,LEVEL,1,1,2.205
301366.SZ,20240222,20240312,18.481,0,-0.4144,2,SL_GAP,20240308,18.831,20240311,OB,11,1,25.691
600826.SH,20240222,20240322,5.639,0,-0.283,2,BE,20240320,5.661,20240321,OB,19,1,2.667
603755.SH,20240222,20240322,20.157,0,3.2739,7,TP2_RUNNER,20240320,20.367,20240321,FVG,19,1,-7.108
688252.SH,20240222,20240314,15.023,0,-0.0211,7,BE,20240312,15.213,20240313,OB,13,1,15.396
002058.SZ,20240223,20240320,11.605,0,-0.2699,2,TP2_RUNNER,20240318,11.49,20240319,LEVEL,16,1,3.318
300745.SZ,20240223,20240319,20.27,0,-0.5918,4,SL_GAP,20240315,20.11,20240318,OB,15,1,6.149
300834.SZ,20240223,20240311,17.199,0,6.3429,10,TP2_RUNNER,20240307,17.479,20240308,FVG,9,1,7.197
301097.SZ,20240223,20240327,27.967,0,-0.3316,12,TIME_STOP,20240311,27.69,20240326,LEVEL,11,11,11.274
301176.SZ,20240223,20240320,12.71,0,-6.0533,12,TIME_STOP,20240318,12.36,20240319,LEVEL,16,1,10.215
301237.SZ,20240223,20240328,22.372,0,-0.2927,10,BE,20240320,22.452,20240327,FVG,18,5,4.459
301258.SZ,20240223,20240322,25.977,0,-0.3767,9,BE,20240320,25.997,20240321,OB,18,1,2.374
301279.SZ,20240223,20240322,10.871,0,-4.1417,12,TIME_STOP,20240320,10.633,20240321,OB,18,1,6.75
600261.SH,20240223,20240314,2.606,0,1.676,2,TP2_RUNNER,20240311,2.58,20240313,LEVEL,11,2,6.429
603067.SH,20240223,20240408,6.255,0,-0.194,2,BE,20240402,6.112,20240403,LEVEL,27,1,1.937
603822.SH,20240223,20240411,21.878,0,0.7954,2,TP2_RUNNER,20240403,22.188,20240410,FVG,28,3,3.905
605300.SH,20240223,20240322,13.744,0,-3.1446,4,SL_GAP,20240320,13.884,20240321,FVG,18,1,2.144
000869.SZ,20240226,20240320,23.35,0,-0.2588,2,BE,20240318,23.46,20240319,OB,15,1,-0.231
001313.SZ,20240226,20240314,7.777,0,6.6967,3,TP2_RUNNER,20240312,7.7,20240313,LEVEL,11,1,2.194
002084.SZ,20240226,20240319,3.131,0,-0.7504,12,TIME_STOP,20240315,3.1,20240318,LEVEL,14,1,2.421
002753.SZ,20240226,20240322,5.972,0,-0.968,2,SL_GAP,20240320,6.092,20240321,FVG,17,1,-3.927
301130.SZ,20240226,20240322,23.449,0,0.7366,8,BE,20240320,23.349,20240321,OB,17,1,11.065
301336.SZ,20240226,20240322,26.68,0,-9.6242,12,TIME_STOP,20240320,26.487,20240321,OB,17,1,0.03
603811.SH,20240226,20240514,5.379,0,0.0733,2,BE,20240430,5.371,20240513,FVG,44,6,4.599
688291.SH,20240226,20240321,22.307,0,-11.4504,12,TIME_STOP,20240319,21.737,20240320,FVG,16,1,5.971
688581.SH,20240226,20240229,53.529,0,-0.2398,2,BE,20240226,53.815,20240228,FVG,0,2,0.372
688662.SH,20240226,20240321,20.839,0,-14.5169,10,SL_HIT,20240319,20.633,20240320,LEVEL,16,1,5.415
300845.SZ,20240227,20240322,7.7,0,-4.5447,2,SL_GAP,20240320,7.705,20240321,OB,16,1,7.18
301033.SZ,20240227,20240320,32.928,0,-11.7352,12,TIME_STOP,20240318,32.808,20240319,OB,14,1,5.192
301197.SZ,20240227,20240322,14.307,0,-9.8169,12,TIME_STOP,20240320,14.257,20240321,OB,16,1,2.966
600536.SH,20240227,20240229,31.2,0,7.0532,12,TIME_STOP,20240227,29.8,20240228,FVG,0,1,14.058
000534.SZ,20240228,20240320,11.838,0,-0.0391,2,TP2_RUNNER,20240318,11.721,20240319,LEVEL,13,1,0.608
300598.SZ,20240228,20240308,32.105,0,6.2954,2,TP2_RUNNER,20240305,32.212,20240307,OB,4,2,12.562
300618.SZ,20240228,20240304,24.31,0,-0.2766,10,BE,20240229,23.08,20240301,OB,1,1,-0.189
300995.SZ,20240228,20240314,15.672,0,20.3269,4,TP2_RUNNER,20240312,15.517,20240313,LEVEL,9,1,0.407
301279.SZ,20240228,20240322,10.871,0,-4.1417,12,TIME_STOP,20240320,10.633,20240321,OB,15,1,-5.039
603321.SH,20240228,20240322,6.655,0,-0.3548,9,BE,20240320,6.665,20240321,OB,15,1,-2.822
688252.SH,20240228,20240314,15.023,0,-0.0211,7,BE,20240312,15.213,20240313,OB,9,1,5.259
688528.SH,20240228,20240320,8.26,0,-4.387,12,TIME_STOP,20240318,8.26,20240319,FVG,13,1,0.355
688598.SH,20240228,20240313,36.824,0,-10.9479,12,TIME_STOP,20240311,35.869,20240312,LEVEL,8,1,7.324
301033.SZ,20240229,20240320,32.928,0,-11.7352,12,TIME_STOP,20240318,32.808,20240319,OB,12,1,15.23
605089.SH,20240229,20240313,29.789,0,-1.4214,12,TIME_STOP,20240311,29.494,20240312,LEVEL,7,1,12.227
688069.SH,20240208,20240320,11.311,0,-7.7143,12,TIME_STOP,20240318,11.311,20240319,OB,21,1,3.853
002713.SZ,20240219,20240223,4.32,0,4.5958,4,TP2_RUNNER,20240221,4.277,20240222,LEVEL,2,1,17.795
301283.SZ,20240220,20240315,18.465,0,6.6265,3,TP2_RUNNER,20240313,17.835,20240314,FVG,16,1,-1.488
002431.SZ,20240221,20240328,2.28,0,-0.8219,9,SL_HIT,20240308,2.23,20240327,OB,12,13,7.63
002879.SZ,20240221,20240326,13.68,0,1.2052,12,TIME_STOP,20240311,13.57,20240325,OB,13,10,12.062
300877.SZ,20240221,20240326,13.576,0,5.1545,6,TP2_RUNNER,20240318,13.442,20240325,LEVEL,18,5,3.968
301003.SZ,20240221,20240311,18.399,0,5.338,6,TP2_RUNNER,20240307,18.217,20240308,LEVEL,11,1,20.692
301026.SZ,20240221,20240328,12.164,0,19.9267,5,TP2_RUNNER,20240315,12.044,20240327,LEVEL,17,8,15.135
301283.SZ,20240221,20240315,18.465,0,6.6265,3,TP2_RUNNER,20240313,17.835,20240314,FVG,15,1,0.823
600261.SH,20240221,20240314,2.606,0,1.676,2,TP2_RUNNER,20240311,2.58,20240313,LEVEL,13,2,5.287
002753.SZ,20240222,20240322,5.972,0,-0.968,2,SL_GAP,20240320,6.092,20240321,FVG,19,1,3.358
300395.SZ,20240222,20240305,30.361,0,-1.2512,2,SL_GAP,20240301,30.431,20240304,OB,6,1,5.312
301222.SZ,20240222,20240321,15.703,0,-0.3382,2,SL_GAP,20240319,15.768,20240320,FVG,18,1,8.87
600382.SH,20240222,20240321,4.28,0,1.2324,12,TIME_STOP,20240319,4.2,20240320,FVG,18,1,0.338
603700.SH,20240222,20240322,11.265,0,-6.1722,12,TIME_STOP,20240320,11.153,20240321,LEVEL,19,1,5.456
002494.SZ,20240223,20240320,4.09,0,-2.8518,12,TIME_STOP,20240318,4.05,20240319,LEVEL,16,1,7.501
002879.SZ,20240223,20240326,13.68,0,1.2052,12,TIME_STOP,20240311,13.57,20240325,OB,11,10,15.312
300828.SZ,20240223,20240325,12.114,0,-0.3257,2,BE,20240318,12.144,20240322,FVG,16,4,18.089
301003.SZ,20240223,20240311,18.399,0,5.338,6,TP2_RUNNER,20240307,18.217,20240308,LEVEL,9,1,13.843
603517.SH,20240223,20240513,19.28,0,-8.2161,12,TIME_STOP,20240506,19.24,20240510,FVG,46,4,0.062
688037.SH,20240223,20240306,82.237,0,-0.5928,12,TIME_STOP,20240304,82.044,20240305,OB,6,1,15.139
688232.SH,20240223,20240322,26.003,0,-9.6097,2,SL_HIT,20240320,26.063,20240321,OB,18,1,2.017
688571.SH,20240223,20240327,5.673,0,-1.212,12,TIME_STOP,20240318,5.617,20240326,LEVEL,16,6,4.514
301187.SZ,20240227,20240313,10.896,0,7.0113,12,TIME_STOP,20240311,10.788,20240312,LEVEL,9,1,7.108
002753.SZ,20240228,20240322,5.972,0,-0.968,2,SL_GAP,20240320,6.092,20240321,FVG,15,1,-3.766
300441.SZ,20240228,20240313,6.105,0,1.0715,2,TP2_RUNNER,20240311,5.975,20240312,OB,8,1,10.98
301156.SZ,20240228,20240320,8.434,0,0.7243,12,TIME_STOP,20240318,8.303,20240319,FVG,13,1,-3.239
603818.SH,20240228,20240328,4.02,0,-4.7692,2,SL_GAP,20240326,3.96,20240327,OB,19,1,-4.854
688543.SH,20240228,20240305,25.593,0,9.6063,12,TIME_STOP,20240301,25.425,20240304,OB,2,1,0.337
001255.SZ,20240301,20240320,26.46,0,-0.0264,2,BE,20240318,26.3,20240319,OB,11,1,9.473
603005.SH,20240301,20240306,18.58,0,-1.6191,2,SL_GAP,20240304,18.71,20240305,OB,1,1,0.022
603399.SH,20240301,20240408,8.262,0,-0.1164,2,BE,20240402,8.18,20240403,LEVEL,22,1,-1.884
603399.SH,20240304,20240408,8.262,0,-0.1164,2,BE,20240402,8.18,20240403,LEVEL,21,1,0.48
688320.SH,20240304,20240319,33.77,0,-0.0452,2,BE,20240315,34.17,20240318,OB,9,1,1.726
300656.SZ,20240301,20240322,21.42,0,-9.3438,3,SL_HIT,20240318,21.11,20240321,OB,11,3,2.665
605300.SH,20240301,20240322,13.744,0,-3.1446,4,SL_GAP,20240320,13.884,20240321,FVG,13,1,4.788
688252.SH,20240301,20240314,15.023,0,-0.0211,7,BE,20240312,15.213,20240313,OB,7,1,8.911
603222.SH,20240304,20240322,6.7,0,-5.7622,12,TIME_STOP,20240320,6.66,20240321,OB,12,1,5.234
300825.SZ,20240305,20240411,11.86,0,-1.1932,1,SL_HIT,20240313,11.98,20240410,FVG,6,18,4.927
301115.SZ,20240305,20240320,16.55,0,-3.2943,12,TIME_STOP,20240318,16.5,20240319,OB,9,1,2.706
688426.SH,20240306,20240516,19.089,0,8.807,9,TP2_RUNNER,20240507,18.9,20240515,LEVEL,39,6,3.667
605122.SH,20240311,20240408,11.727,0,-0.1956,2,BE,20240402,11.807,20240403,FVG,16,1,5.188
688231.SH,20240321,20240509,12.903,0,-0.0401,2,BE,20240507,12.695,20240508,LEVEL,28,1,0.488
002760.SZ,20240301,20240322,17.582,0,-6.3031,12,TIME_STOP,20240320,17.232,20240321,FVG,13,1,10.367
003003.SZ,20240301,20240322,8.906,0,-3.4254,2,SL_GAP,20240320,8.916,20240321,OB,13,1,13.313
300563.SZ,20240301,20240410,11.782,0,-2.5265,3,SL_HIT,20240318,11.932,20240409,OB,11,14,13.784
300884.SZ,20240301,20240322,10.688,0,-11.4715,3,SL_HIT,20240320,10.738,20240321,OB,13,1,5.714
301197.SZ,20240301,20240322,14.307,0,-9.8169,12,TIME_STOP,20240320,14.257,20240321,OB,13,1,9.862
605018.SH,20240301,20240320,8.766,0,-1.5383,12,TIME_STOP,20240318,8.566,20240319,LEVEL,11,1,9.471
002058.SZ,20240304,20240320,11.605,0,-0.2699,2,TP2_RUNNER,20240318,11.49,20240319,LEVEL,10,1,0.782
300214.SZ,20240304,20240315,5.291,0,1.7128,2,TP2_RUNNER,20240313,5.361,20240314,OB,7,1,12.556
300629.SZ,20240304,20240315,18.452,0,11.4451,12,TP2_RUNNER,20240312,18.292,20240314,OB,6,2,8.139
688037.SH,20240304,20240306,82.237,0,-0.5928,12,TIME_STOP,20240304,82.044,20240305,OB,0,1,0.618
300970.SZ,20240305,20240314,9.835,0,1.5953,2,TP2_RUNNER,20240312,9.738,20240313,LEVEL,5,1,9.497
301009.SZ,20240305,20240322,8.868,0,-3.8639,12,TIME_STOP,20240320,8.78,20240321,LEVEL,11,1,6.872
301181.SZ,20240305,20240321,16.516,0,0.2546,8,BE,20240319,16.385,20240320,FVG,10,1,9.72
301197.SZ,20240305,20240322,14.307,0,-9.8169,12,TIME_STOP,20240320,14.257,20240321,OB,11,1,12.003
301369.SZ,20240305,20240307,31.593,0,7.9373,11,TP2_RUNNER,20240305,31.28,20240306,LEVEL,0,1,10.523
600173.SH,20240306,20240320,3.951,0,-0.324,2,BE,20240318,3.961,20240319,OB,8,1,11.792
688120.SH,20240306,20240529,56.324,0,0.0919,2,BE,20240527,57.249,20240528,OB,53,1,-1.03
603818.SH,20240307,20240328,4.02,0,-4.7692,2,SL_GAP,20240326,3.96,20240327,OB,13,1,-2.191
688291.SH,20240307,20240321,22.307,0,-11.4504,12,TIME_STOP,20240319,21.737,20240320,FVG,8,1,8.47
001255.SZ,20240308,20240320,26.46,0,-0.0264,2,BE,20240318,26.3,20240319,OB,6,1,1.747
002769.SZ,20240308,20240315,6.155,0,5.7465,4,TP2_RUNNER,20240313,6.094,20240314,LEVEL,3,1,11.404
003017.SZ,20240308,20240314,13.656,0,-0.2902,4,BE,20240312,13.706,20240313,OB,2,1,8.744
300819.SZ,20240308,20240318,11.297,0,0.7084,4,BE,20240314,11.185,20240315,LEVEL,4,1,8.703
603116.SH,20240308,20240408,4.557,0,-0.2618,2,BE,20240402,4.578,20240403,FVG,17,1,5.083
300970.SZ,20240311,20240314,9.835,0,1.5953,2,TP2_RUNNER,20240312,9.738,20240313,LEVEL,1,1,6.471
603811.SH,20240311,20240514,5.379,0,0.0733,2,BE,20240430,5.371,20240513,FVG,34,6,-1.528
300605.SZ,20240301,20240322,11.73,0,-14.8423,11,SL_HIT,20240320,11.58,20240321,OB,13,1,9.656
600067.SH,20240301,20240322,1.793,0,3.6223,11,TP2_RUNNER,20240320,1.775,20240321,LEVEL,13,1,2.932
600183.SH,20240301,20240312,15.58,0,3.2514,5,TP2_RUNNER,20240308,15.32,20240311,OB,5,1,0.569
603217.SH,20240301,20240322,15.409,0,-2.9257,12,TIME_STOP,20240320,15.379,20240321,OB,13,1,6.786
603321.SH,20240301,20240322,6.655,0,-0.3548,9,BE,20240320,6.665,20240321,OB,13,1,8.521
688528.SH,20240301,20240320,8.26,0,-4.387,12,TIME_STOP,20240318,8.26,20240319,FVG,11,1,14.356
300259.SZ,20240304,20240319,3.057,0,0.4817,4,BE,20240315,3.007,20240318,OB,9,1,5.397
300877.SZ,20240304,20240326,13.576,0,5.1545,6,TP2_RUNNER,20240318,13.442,20240325,LEVEL,10,5,12.006
301115.SZ,20240304,20240320,16.55,0,-3.2943,12,TIME_STOP,20240318,16.5,20240319,OB,10,1,3.031
301156.SZ,20240304,20240320,8.434,0,0.7243,12,TIME_STOP,20240318,8.303,20240319,FVG,10,1,11.599
301176.SZ,20240304,20240320,12.71,0,-6.0533,12,TIME_STOP,20240318,12.36,20240319,LEVEL,10,1,9.416
301321.SZ,20240304,20240327,14.27,0,-0.0221,2,BE,20240318,14.45,20240326,OB,10,6,5.075
603116.SH,20240304,20240408,4.557,0,-0.2618,2,BE,20240402,4.578,20240403,FVG,21,1,8.387
603321.SH,20240304,20240322,6.655,0,-0.3548,9,BE,20240320,6.665,20240321,OB,12,1,8.919
605388.SH,20240304,20240322,6.375,0,-2.0217,2,SL_GAP,20240318,6.382,20240321,FVG,10,3,4.876
688129.SH,20240304,20240313,12.052,0,0.5939,12,TIME_STOP,20240311,12.052,20240312,OB,5,1,8.732
300005.SZ,20240306,20240318,5.356,0,-0.288,2,BE,20240314,5.376,20240315,OB,6,1,13.112
301130.SZ,20240307,20240322,23.449,0,0.7366,8,BE,20240320,23.349,20240321,OB,9,1,7.423
603655.SH,20240307,20240322,16.483,0,-8.5324,12,TIME_STOP,20240320,16.32,20240321,LEVEL,9,1,11.805
688528.SH,20240311,20240320,8.26,0,-4.387,12,TIME_STOP,20240318,8.26,20240319,FVG,5,1,6.061
001231.SZ,20240312,20240322,16.99,0,-3.3956,12,TIME_STOP,20240320,16.66,20240321,FVG,6,1,5.215
301126.SZ,20240312,20240508,9.813,0,0.9512,2,TP2_RUNNER,20240506,9.716,20240507,LEVEL,34,1,2.739
301148.SZ,20240312,20240322,16.563,0,-0.3636,3,BE,20240320,16.583,20240321,OB,6,1,11.757
301313.SZ,20240320,20240322,29.513,0,-14.7366,3,SL_HIT,20240320,29.221,20240321,LEVEL,0,1,0.483
300819.SZ,20240325,20240408,11.953,0,0.0301,5,BE,20240401,11.835,20240403,LEVEL,5,2,5.035
688515.SH,20240328,20240617,66.65,0,0.6559,2,BE,20240613,64.76,20240614,FVG,49,1,-17.58
301166.SZ,20240329,20240513,30.989,0,-8.9341,12,TIME_STOP,20240507,30.589,20240510,OB,22,3,-3.365
601689.SH,20240325,20240426,38.083,0,4.5898,12,TIME_STOP,20240424,37.477,20240425,LEVEL,20,1,0.396
301041.SZ,20240412,20240522,23.719,0,1.5506,2,BE,20240520,23.484,20240521,LEVEL,23,1,-3.213
300759.SZ,20240430,20240716,18.867,0,10.3606,5,TP2_RUNNER,20240711,18.68,20240715,LEVEL,48,2,11.965
688550.SH,20240408,20240516,24.857,0,-1.2032,12,TIME_STOP,20240426,24.611,20240515,LEVEL,14,5,-2.992
002782.SZ,20240408,20240508,11.062,0,-1.0404,12,TIME_STOP,20240506,11.032,20240507,OB,17,1,-5.346
688472.SH,20240410,20240506,11.953,0,-2.2367,12,TIME_STOP,20240429,11.763,20240430,LEVEL,13,1,-1.462
301227.SZ,20240411,20240520,18.621,0,-9.5145,3,SL_HIT,20240516,18.187,20240517,OB,22,1,-9.066
300158.SZ,20240430,20240508,4.989,0,1.464,5,BE,20240506,4.94,20240507,LEVEL,1,1,2.813
688202.SH,20240509,20240716,27.76,0,-0.3351,2,BE,20240711,27.82,20240715,OB,44,2,-19.394
600666.SH,20240524,20240829,1.364,0,0.8079,12,TIME_STOP,20240809,1.35,20240828,LEVEL,54,12,-6.192
000757.SZ,20240506,20240508,3.44,0,-9.3934,12,TIME_STOP,20240506,3.29,20240507,OB,0,1,-3.424
300759.SZ,20240510,20240716,18.867,0,10.3606,5,TP2_RUNNER,20240711,18.68,20240715,LEVEL,43,2,0.637
301313.SZ,20240508,20240731,19.88,0,-0.0032,3,SL_GAP,20240729,20.19,20240730,OB,57,1,-0.197
688184.SH,20240508,20240513,16.58,0,-7.1414,12,TIME_STOP,20240509,16.44,20240510,OB,1,1,-0.189
002488.SZ,20240507,20240509,5.628,0,-12.6354,12,TIME_STOP,20240507,5.438,20240508,OB,0,1,-5.809
300575.SZ,20240507,20240509,6.21,0,0.0823,2,BE,20240507,6.14,20240508,FVG,0,1,1.867
300821.SZ,20240507,20240513,7.985,0,-1.0247,12,TIME_STOP,20240507,7.945,20240510,FVG,0,3,1.473
003016.SZ,20240508,20240521,6.705,0,-6.6034,12,SL_HIT,20240517,6.685,20240520,OB,7,1,4.184
603153.SH,20240509,20240805,16.089,0,-5.4242,12,TIME_STOP,20240801,15.989,20240802,FVG,59,1,-7.897
301313.SZ,20240506,20240731,19.88,0,-0.0032,3,SL_GAP,20240729,20.19,20240730,OB,59,1,0.403
601929.SH,20240606,20240802,1.05,0,3.8774,12,BE,20240731,1.03,20240801,LEVEL,38,1,-12.541
600653.SH,20240603,20240611,1.46,0,0.0103,2,BE,20240603,1.42,20240607,FVG,0,4,4.658
002445.SZ,20240613,20240802,1.68,0,-0.9938,12,TIME_STOP,20240731,1.68,20240801,FVG,34,1,-1.091
002702.SZ,20240620,20240802,3.464,0,-5.7091,12,TIME_STOP,20240731,3.43,20240801,LEVEL,29,1,-3.592
300019.SZ,20240621,20240913,10.5,0,4.4952,8,TP2_RUNNER,20240911,10.7,20240912,OB,58,1,-7.894
600307.SH,20240617,20240802,1.192,0,-2.2253,12,TIME_STOP,20240731,1.18,20240801,LEVEL,32,1,-0.211
600130.SH,20240617,20240715,3.262,0,-2.3057,12,TIME_STOP,20240711,3.23,20240712,LEVEL,18,1,-0.086
688576.SH,20240619,20240711,39.987,0,0.1737,2,BE,20240709,39.132,20240710,OB,14,1,-5.931
301115.SZ,20240604,20240819,12.66,0,-1.6059,2,SL_GAP,20240815,12.71,20240816,OB,51,1,-2.738
002132.SZ,20240614,20240802,2.14,0,-0.9594,2,SL_GAP,20240731,2.1,20240801,FVG,33,1,-3.024
000672.SZ,20240619,20240719,5.034,0,0.6708,12,TIME_STOP,20240711,5.074,20240718,OB,16,5,1.225
002132.SZ,20240619,20240802,2.14,0,-0.9594,2,SL_GAP,20240731,2.1,20240801,FVG,30,1,-6.61
000672.SZ,20240620,20240719,5.034,0,0.6708,12,TIME_STOP,20240711,5.074,20240718,OB,15,5,2.038
603153.SH,20240620,20240805,16.089,0,-5.4242,12,TIME_STOP,20240801,15.989,20240802,FVG,30,1,-6.183
603863.SH,20240620,20240724,19.68,0,4.3164,4,TP2_RUNNER,20240722,19.21,20240723,FVG,22,1,4.441
301248.SZ,20240606,20240624,15.43,0,-3.8278,12,TIME_STOP,20240620,14.69,20240621,FVG,9,1,-3.148
300841.SZ,20240618,20240723,51.543,0,-2.4722,12,TIME_STOP,20240719,51.033,20240722,LEVEL,23,1,-3.427
601966.SH,20240812,20240903,16.148,0,-2.315,12,TIME_STOP,20240830,15.988,20240902,LEVEL,14,1,-5.784
301035.SZ,20240807,20240809,29.099,0,-11.2902,12,SL_HIT,20240807,28.811,20240808,LEVEL,0,1,-7.051
688371.SH,20240807,20240823,9.431,0,4.1505,2,TP2_RUNNER,20240821,9.351,20240822,OB,10,1,7.093
002870.SZ,20240809,20240819,29.558,0,-7.6959,3,SL_HIT,20240815,29.265,20240816,LEVEL,4,1,2.544
688371.SH,20240809,20240823,9.431,0,4.1505,2,TP2_RUNNER,20240821,9.351,20240822,OB,8,1,0.73
605056.SH,20240822,20240909,8.873,0,6.4968,12,TIME_STOP,20240829,8.785,20240906,LEVEL,5,6,7.92
002493.SZ,20240823,20241017,8.93,0,4.0705,12,TIME_STOP,20240926,8.79,20241016,OB,22,9,-1.351
603815.SH,20240826,20240906,5.43,0,-0.8733,2,SL_GAP,20240904,5.376,20240905,LEVEL,7,1,7.214
300376.SZ,20240807,20240904,2.451,0,-4.645,12,TIME_STOP,20240830,2.427,20240903,LEVEL,17,2,-14.389
301260.SZ,20240809,20240926,12.19,0,3.1206,2,TP2_RUNNER,20240924,12.16,20240925,FVG,30,1,-4.166
601969.SH,20240812,20240913,5.526,0,0.7794,6,TP2_RUNNER,20240911,5.471,20240912,LEVEL,22,1,-4.191
300481.SZ,20240815,20240906,12.204,0,-1.2816,2,SL_GAP,20240904,12.083,20240905,LEVEL,14,1,-2.707
688496.SH,20240816,20241014,7.86,0,34.3906,6,TP2_RUNNER,20240930,7.83,20241011,FVG,29,4,-9.039
301093.SZ,20240820,20240830,11.514,0,-0.3998,12,TIME_STOP,20240828,11.241,20240829,LEVEL,6,1,7.472
002955.SZ,20240805,20240808,21.302,0,-8.9734,12,TIME_STOP,20240806,21.732,20240807,OB,1,1,10.205
301260.SZ,20240807,20240926,12.19,0,3.1206,2,TP2_RUNNER,20240924,12.16,20240925,FVG,32,1,-4.404
600810.SH,20240807,20240905,6.163,0,3.5025,12,TIME_STOP,20240829,6.102,20240904,LEVEL,16,4,-1.759
002058.SZ,20240808,20240918,7.51,0,1.3278,2,TP2_RUNNER,20240910,7.51,20240913,OB,23,3,-5.37
300376.SZ,20240812,20240904,2.451,0,-4.645,12,TIME_STOP,20240830,2.427,20240903,LEVEL,14,2,-3.288
301115.SZ,20240812,20240819,12.66,0,-1.6059,2,SL_GAP,20240815,12.71,20240816,OB,3,1,8.637
002219.SZ,20240821,20240912,1.838,0,29.5587,12,TP2_RUNNER,20240909,1.82,20240911,LEVEL,13,2,1.181
301529.SZ,20240830,20240909,22.096,0,-3.2669,12,TIME_STOP,20240905,21.877,20240906,LEVEL,4,1,8.521
300627.SZ,20240830,20240926,20.114,0,4.1446,2,TP2_RUNNER,20240924,20.15,20240925,OB,15,1,5.962
002627.SZ,20240812,20240926,4.542,0,-0.2893,2,TP2_RUNNER,20240924,4.497,20240925,LEVEL,29,1,-2.029
605266.SH,20240904,20240909,19.794,0,-22.9044,5,SL_HIT,20240905,19.598,20240906,LEVEL,1,1,15.41
601969.SH,20240909,20240913,5.526,0,0.7794,6,TP2_RUNNER,20240911,5.471,20240912,LEVEL,2,1,9.152
002014.SZ,20240904,20240926,8.81,0,4.0181,2,TP2_RUNNER,20240924,8.6,20240925,LEVEL,12,1,-1.575
301047.SZ,20240911,20240918,49.56,0,1.9784,2,TP2_RUNNER,20240912,50.75,20240913,OB,1,1,18.669
301115.SZ,20240919,20241113,15.23,0,-2.3001,12,TIME_STOP,20241111,15.08,20241112,OB,32,1,16.053
688573.SH,20240926,20241014,15.453,0,7.3954,12,TIME_STOP,20240930,15.3,20241011,LEVEL,2,4,19.001
688496.SH,20240904,20241014,7.86,0,34.3906,6,TP2_RUNNER,20240930,7.83,20241011,FVG,16,4,-8.341
600867.SH,20240905,20241014,7.332,0,7.0866,12,TIME_STOP,20240927,7.252,20241011,FVG,14,5,-1.398
002132.SZ,20240910,20240918,2.18,0,0.9736,2,TP2_RUNNER,20240912,2.21,20240913,FVG,2,1,3.421
002925.SZ,20240911,20240926,11.325,0,2.137,2,TP2_RUNNER,20240924,11.213,20240925,LEVEL,7,1,0.202
600060.SH,20240911,20240913,14.362,0,14.8028,8,TP2_RUNNER,20240911,14.22,20240912,LEVEL,0,1,0.356
002353.SZ,20240920,20241017,30.5,0,14.3575,12,TIME_STOP,20240930,30.12,20241016,OB,6,7,14.84
603282.SH,20240904,20240919,12.869,0,15.3198,12,TIME_STOP,20240911,12.509,20240918,LEVEL,5,3,9.472
603356.SH,20240926,20241115,13.978,0,-1.6806,2,SL_GAP,20241113,13.84,20241114,LEVEL,29,1,8.836
605296.SH,20241030,20241104,29.17,0,-0.3177,8,BE,20241030,29.25,20241101,FVG,0,2,-1.555
601975.SH,20241015,20241104,3.353,0,-0.0426,3,BE,20241031,3.333,20241101,OB,12,1,-0.598
601872.SH,20241021,20241113,6.564,0,-9.0662,8,SL_GAP,20241111,6.434,20241112,OB,15,1,-6.04
601872.SH,20241022,20241113,6.564,0,-9.0662,8,SL_GAP,20241111,6.434,20241112,OB,14,1,-4.276
603986.SH,20241022,20241115,92.758,0,-9.6398,6,SL_HIT,20241105,91.84,20241114,LEVEL,10,7,7.992
600750.SH,20241023,20241216,19.1,0,5.9749,11,TP2_RUNNER,20241212,19.04,20241213,OB,36,1,-3.594
000703.SZ,20241025,20241212,6.28,0,-5.3262,5,SL_GAP,20241210,6.19,20241211,FVG,32,1,1.345
601872.SH,20241015,20241113,6.564,0,-9.0662,8,SL_GAP,20241111,6.434,20241112,OB,19,1,-9.569
688443.SH,20241017,20241111,31.0,0,-17.0807,5,SL_HIT,20241105,30.18,20241108,OB,13,3,17.45
000157.SZ,20241021,20241105,7.21,0,-2.1992,12,TIME_STOP,20241101,7.02,20241104,LEVEL,9,1,7.3
301227.SZ,20241017,20241029,13.755,0,-1.6999,12,TIME_STOP,20241025,13.619,20241028,LEVEL,6,1,-2.838
601975.SH,20241028,20241104,3.353,0,-0.0426,3,BE,20241031,3.333,20241101,OB,3,1,-0.221
688443.SH,20241121,20241129,29.058,0,-3.2426,12,TIME_STOP,20241127,28.77,20241128,LEVEL,4,1,-7.55
601666.SH,20241114,20241205,9.81,0,-0.4405,2,SL_GAP,20241203,9.77,20241204,OB,13,1,0.087
001376.SZ,20241202,20241220,15.15,0,-8.2177,9,SL_HIT,20241206,15.0,20241219,LEVEL,4,9,3.919
002791.SZ,20250120,20250325,22.663,0,0.089,4,BE,20250321,23.033,20250324,OB,38,1,3.974
601678.SH,20250117,20250121,3.92,0,-3.2003,12,TIME_STOP,20250117,3.78,20250120,OB,0,1,1.718
688100.SH,20250117,20250213,36.237,0,1.7732,12,TIME_STOP,20250211,35.777,20250212,OB,11,1,7.716
688100.SH,20250116,20250213,36.237,0,1.7732,12,TIME_STOP,20250211,35.777,20250212,OB,12,1,7.082
300095.SZ,20250122,20250219,6.388,0,4.8611,3,TP2_RUNNER,20250207,6.325,20250218,LEVEL,6,7,5.358
301468.SZ,20250122,20250212,16.18,0,3.8685,12,TIME_STOP,20250210,16.064,20250211,OB,7,1,1.143
603858.SH,20250123,20250318,14.73,0,-0.4066,2,SL_GAP,20250314,14.61,20250317,OB,30,1,-2.55
688573.SH,20250123,20250224,20.341,0,7.184,2,TP2_RUNNER,20250220,20.14,20250221,LEVEL,14,1,6.608
600881.SH,20250102,20250212,1.949,0,-2.9239,12,TIME_STOP,20250210,1.93,20250211,LEVEL,21,1,1.42
301176.SZ,20250109,20250228,18.25,0,0.3658,8,TP2_RUNNER,20250226,18.39,20250227,OB,28,1,2.893
301227.SZ,20250114,20250310,12.554,0,-0.2782,2,BE,20250306,12.46,20250307,OB,31,1,10.737
603799.SH,20250117,20250211,29.047,0,1.1188,2,TP2_RUNNER,20250207,29.307,20250210,FVG,9,1,0.497
688061.SH,20250117,20250214,30.68,0,4.1738,5,TP2_RUNNER,20250212,31.33,20250213,FVG,12,1,18.673
000513.SZ,20250120,20250401,32.991,0,-1.4041,3,SL_GAP,20250328,33.051,20250331,OB,43,1,-1.053
002340.SZ,20250122,20250211,6.54,0,-0.1251,2,BE,20250207,6.6,20250210,FVG,6,1,2.412
600059.SH,20250122,20250212,8.19,0,-0.0708,2,BE,20250210,8.26,20250211,OB,7,1,1.473
600639.SH,20250122,20250313,10.207,0,0.9691,2,TP2_RUNNER,20250311,10.167,20250312,OB,28,1,1.207
688061.SH,20250127,20250214,30.68,0,4.1738,5,TP2_RUNNER,20250212,31.33,20250213,FVG,6,1,13.133
600380.SH,20250116,20250211,10.59,0,3.219,3,TP2_RUNNER,20250207,10.61,20250210,OB,10,1,-1.17
000513.SZ,20250122,20250401,32.991,0,-1.4041,3,SL_GAP,20250328,33.051,20250331,OB,41,1,0.225
688184.SH,20250122,20250127,14.07,0,-1.3999,9,SL_GAP,20250123,14.23,20250124,OB,1,1,0.244
000513.SZ,20250123,20250401,32.991,0,-1.4041,3,SL_GAP,20250328,33.051,20250331,OB,40,1,-1.433
000513.SZ,20250124,20250401,32.991,0,-1.4041,3,SL_GAP,20250328,33.051,20250331,OB,39,1,-1.175
300095.SZ,20250124,20250219,6.388,0,4.8611,3,TP2_RUNNER,20250207,6.325,20250218,LEVEL,4,7,6.75
601966.SH,20250124,20250313,17.469,0,-0.2455,12,BE,20250311,17.559,20250312,OB,26,1,-0.011
000513.SZ,20250127,20250401,32.991,0,-1.4041,3,SL_GAP,20250328,33.051,20250331,OB,38,1,0.01
002386.SZ,20250212,20250214,4.52,0,-3.9326,12,TIME_STOP,20250212,4.41,20250213,OB,0,1,-1.748
301589.SZ,20250214,20250508,140.985,0,-2.7804,12,TIME_STOP,20250506,139.835,20250507,OB,53,1,0.087
603978.SH,20250220,20250305,13.989,0,2.536,3,TP2_RUNNER,20250303,13.85,20250304,LEVEL,7,1,11.122
300146.SZ,20250207,20250214,11.038,0,-2.3889,12,TIME_STOP,20250212,10.988,20250213,OB,3,1,2.42
300347.SZ,20250212,20250214,54.261,0,-0.3336,2,BE,20250212,51.231,20250213,OB,0,1,7.5
688338.SH,20250214,20250219,23.822,0,5.8843,12,TIME_STOP,20250214,23.542,20250218,OB,0,2,3.201
603069.SH,20250224,20250319,19.15,0,-0.3529,2,BE,20250317,19.18,20250318,OB,15,1,1.075
300686.SZ,20250206,20250219,8.91,0,5.4471,5,TP2_RUNNER,20250206,8.97,20250218,OB,0,8,5.497
600611.SH,20250220,20250423,5.91,0,8.5501,12,TIME_STOP,20250421,5.86,20250422,OB,41,1,-3.812
301227.SZ,20250205,20250310,12.554,0,-0.2782,2,BE,20250306,12.46,20250307,OB,21,1,1.447
000513.SZ,20250206,20250401,32.991,0,-1.4041,3,SL_GAP,20250328,33.051,20250331,OB,36,1,-0.444
000513.SZ,20250207,20250401,32.991,0,-1.4041,3,SL_GAP,20250328,33.051,20250331,OB,35,1,-5.135
000513.SZ,20250210,20250401,32.991,0,-1.4041,3,SL_GAP,20250328,33.051,20250331,OB,34,1,-2.979
000513.SZ,20250212,20250401,32.991,0,-1.4041,3,SL_GAP,20250328,33.051,20250331,OB,32,1,-0.581
600075.SH,20250221,20250327,4.47,0,-1.5385,2,SL_GAP,20250325,4.37,20250326,OB,22,1,-3.488
301515.SZ,20250227,20250320,19.285,0,-0.0272,2,BE,20250318,19.525,20250319,FVG,13,1,1.549
000651.SZ,20250305,20250317,43.3,0,1.8359,6,TP2_RUNNER,20250313,42.45,20250314,OB,6,1,1.944
300371.SZ,20250306,20250310,10.567,0,-4.4103,12,TIME_STOP,20250306,10.462,20250307,LEVEL,0,1,-0.692
002203.SZ,20250307,20250311,9.837,0,-1.8952,12,TIME_STOP,20250307,9.74,20250310,LEVEL,0,1,-1.431
603558.SH,20250326,20250514,8.361,0,0.8801,12,TIME_STOP,20250512,8.278,20250513,LEVEL,29,1,-8.898
002432.SZ,20250328,20250403,41.034,0,-11.1255,1,SL_GAP,20250401,40.864,20250402,OB,2,1,-0.193
300749.SZ,20250305,20250331,7.292,0,-0.1214,2,BE,20250327,7.22,20250328,LEVEL,16,1,0.202
301589.SZ,20250303,20250508,140.985,0,-2.7804,12,TIME_STOP,20250506,139.835,20250507,OB,42,1,1.029
600603.SH,20250305,20250425,7.575,0,-4.8134,12,TIME_STOP,20250423,7.5,20250424,LEVEL,34,1,-1.976
002145.SZ,20250314,20250509,4.17,0,3.7167,12,TIME_STOP,20250507,4.23,20250508,FVG,34,1,3.746
300749.SZ,20250314,20250331,7.292,0,-0.1214,2,BE,20250327,7.22,20250328,LEVEL,9,1,0.551
002145.SZ,20250321,20250509,4.17,0,3.7167,12,TIME_STOP,20250507,4.23,20250508,FVG,29,1,5.962
001228.SZ,20250306,20250320,22.725,0,-6.959,7,SL_HIT,20250318,22.5,20250319,LEVEL,8,1,2.882
603759.SH,20250328,20250616,7.835,0,-3.1293,2,SL_HIT,20250612,7.825,20250613,OB,49,1,-5.853
603195.SH,20250611,20250729,46.11,0,-0.5535,6,SL_GAP,20250725,46.13,20250728,OB,32,1,-3.881
688352.SH,20250619,20250626,11.01,0,1.5944,12,TIME_STOP,20250624,10.88,20250625,OB,3,1,-0.639
688352.SH,20250620,20250626,11.01,0,1.5944,12,TIME_STOP,20250624,10.88,20250625,OB,2,1,1.481
600756.SH,20250613,20250806,15.38,0,-0.2441,2,BE,20250804,15.38,20250805,OB,36,1,-1.067
002023.SZ,20250619,20250702,10.72,0,-0.3998,12,TIME_STOP,20250630,10.64,20250701,OB,7,1,-2.322
002061.SZ,20250620,20250708,4.07,0,0.1129,4,BE,20250704,4.03,20250707,LEVEL,10,1,5.032
601390.SH,20250625,20250704,5.334,0,1.097,4,TP2_RUNNER,20250702,5.314,20250703,OB,5,1,0.058
603777.SH,20250609,20250815,13.332,0,6.6967,12,TIME_STOP,20250808,13.2,20250814,LEVEL,44,4,-13.367
601011.SH,20250625,20250702,2.68,0,-0.5488,2,SL_GAP,20250630,2.68,20250701,OB,3,1,3.582
002049.SZ,20250701,20250703,64.53,0,1.4561,6,TP2_RUNNER,20250701,63.08,20250702,OB,0,1,0.409
000921.SZ,20250710,20250728,26.83,0,-1.6645,3,SL_GAP,20250724,26.98,20250725,FVG,10,1,2.811
688352.SH,20250703,20250707,11.22,0,-0.213,5,BE,20250703,10.88,20250704,OB,0,1,2.761
603836.SH,20250717,20250912,10.009,0,-0.3549,3,BE,20250910,10.024,20250911,OB,39,1,0.421
002327.SZ,20250804,20250813,7.373,0,-0.3714,6,BE,20250811,7.3,20250812,LEVEL,5,1,1.381
300096.SZ,20250819,20250821,4.04,0,6.27,3,TP2_RUNNER,20250819,4.0,20250820,LEVEL,0,1,9.598
002221.SZ,20250926,20251111,8.43,0,-0.3643,2,BE,20251107,8.3,20251110,OB,24,1,-9.053
301197.SZ,20250904,20250918,19.682,0,3.3575,3,BE,20250916,19.252,20250917,OB,8,1,16.376
601665.SH,20250917,20250926,5.491,0,-0.1817,2,BE,20250924,5.571,20250925,OB,5,1,5.582
002802.SZ,20250917,20251024,13.092,0,1.7346,8,TP2_RUNNER,20251022,12.912,20251023,FVG,19,1,0.127
301197.SZ,20250929,20251027,20.392,0,0.9216,12,TIME_STOP,20251023,20.302,20251024,FVG,12,1,3.551
002969.SZ,20250930,20251023,3.67,0,-0.1551,2,BE,20251021,3.65,20251022,OB,9,1,5.035
002221.SZ,20251009,20251111,8.43,0,-0.3643,2,BE,20251107,8.3,20251110,OB,21,1,-4.042
301258.SZ,20251014,20251022,34.997,0,1.853,9,TP2_RUNNER,20251020,34.267,20251021,OB,4,1,2.794
301325.SZ,20251028,20251114,60.6,0,-12.7531,5,SL_HIT,20251112,59.19,20251113,OB,11,1,7.116
605266.SH,20251013,20251022,19.983,0,-2.6472,12,TIME_STOP,20251020,19.703,20251021,OB,5,1,3.036
688166.SH,20251103,20251105,56.644,0,-9.0972,10,SL_HIT,20251103,56.034,20251104,FVG,0,1,-8.351
000513.SZ,20251110,20251112,35.93,0,-4.9799,7,SL_HIT,20251110,35.51,20251111,FVG,0,1,-4.867
000513.SZ,20251106,20251111,36.05,0,-5.3107,8,SL_HIT,20251107,35.51,20251110,OB,1,1,-2.878
000513.SZ,20251107,20251111,36.05,0,-5.3107,8,SL_HIT,20251107,35.51,20251110,OB,0,1,-3.446
605555.SH,20251128,20251215,17.948,0,2.0597,12,TIME_STOP,20251208,17.77,20251212,LEVEL,6,4,7.432
600872.SH,20251106,20251112,18.089,0,-0.0673,3,BE,20251110,17.91,20251111,LEVEL,2,1,0.339
601919.SH,20251107,20251111,14.82,0,0.0716,2,TP2_RUNNER,20251107,14.89,20251110,OB,0,1,0.684
603369.SH,20251107,20251112,37.81,0,-0.2493,2,BE,20251110,38.0,20251111,OB,1,1,0.593
600566.SH,20251126,20251215,25.76,0,-4.0762,4,SL_HIT,20251211,26.11,20251212,OB,11,1,7.656
601233.SH,20251127,20251224,15.796,0,3.7928,2,TP2_RUNNER,20251222,15.64,20251223,LEVEL,17,1,0.535
002387.SZ,20251201,20260108,8.959,0,3.2909,12,TIME_STOP,20260106,8.87,20260107,LEVEL,24,1,0.299
688310.SH,20251201,20251229,15.53,0,0.3714,12,TIME_STOP,20251225,15.18,20251226,OB,18,1,-7.457
600873.SH,20251231,20260119,9.932,0,0.2031,2,TP2_RUNNER,20260115,9.992,20260116,OB,9,1,1.356
000521.SZ,20251204,20260108,6.469,0,1.2347,12,TIME_STOP,20260106,6.405,20260107,LEVEL,21,1,-2.323
000513.SZ,20260107,20260116,34.29,0,-3.8342,12,TIME_STOP,20260107,33.89,20260115,FVG,0,6,0.852
002675.SZ,20260106,20260129,13.807,0,-5.3635,12,TIME_STOP,20260106,13.67,20260128,LEVEL,0,16,3.886
002875.SZ,20260121,20260303,18.19,0,10.0246,11,TP2_RUNNER,20260224,17.86,20260302,OB,18,4,0.227
002422.SZ,20260107,20260119,31.582,0,-0.2955,3,BE,20260108,31.692,20260116,FVG,1,6,3.76
002675.SZ,20260107,20260129,13.807,0,-5.3635,12,TIME_STOP,20260107,13.67,20260128,LEVEL,0,15,3.368
688506.SH,20260109,20260213,285.9,0,0.1343,2,BE,20260211,291.0,20260212,OB,23,1,-8.172
688506.SH,20260112,20260213,285.9,0,0.1343,2,BE,20260211,291.0,20260212,OB,22,1,-10.378
002608.SZ,20260119,20260121,7.59,0,-0.9258,12,TIME_STOP,20260119,7.43,20260120,OB,0,1,-0.319
600211.SH,20260122,20260320,41.905,0,-6.2143,1,SL_HIT,20260313,41.915,20260319,OB,30,4,-4.401
601137.SH,20260211,20260309,21.149,0,-15.7582,11,SL_HIT,20260305,20.909,20260306,OB,10,1,5.414
301320.SZ,20260205,20260227,18.591,0,-3.8048,1,SL_HIT,20260225,18.601,20260226,OB,8,1,3.341
600436.SH,20260206,20260210,167.71,0,-7.7073,12,TIME_STOP,20260206,167.97,20260209,FVG,0,1,-8.677
300679.SZ,20260210,20260227,42.845,0,-1.9418,2,SL_GAP,20260225,42.855,20260226,OB,5,1,-6.953
600743.SH,20260211,20260213,1.98,0,0.2112,3,BE,20260211,1.96,20260212,LEVEL,0,1,-0.251
300679.SZ,20260213,20260227,42.845,0,-1.9418,2,SL_GAP,20260225,42.855,20260226,OB,2,1,-3.825
600801.SH,20260204,20260410,23.573,0,-5.4945,12,TIME_STOP,20260408,23.34,20260409,LEVEL,38,1,-2.68
688317.SH,20260204,20260407,20.654,0,-1.5329,12,TIME_STOP,20260402,20.45,20260403,LEVEL,35,1,0.042
600873.SH,20260206,20260213,10.602,0,0.2591,2,TP2_RUNNER,20260211,10.672,20260212,OB,3,1,4.128
300633.SZ,20260319,20260416,26.641,0,2.6346,2,TP2_RUNNER,20260414,26.271,20260415,LEVEL,17,1,-5.552
603885.SH,20260326,20260403,12.09,0,-1.0602,12,TIME_STOP,20260401,12.05,20260402,OB,4,1,2.943
603836.SH,20260306,20260422,9.271,0,-0.3061,2,BE,20260420,9.3,20260421,OB,30,1,-5.186
300583.SZ,20260310,20260506,15.095,0,0.2613,2,TP2_RUNNER,20260429,14.815,20260430,LEVEL,35,1,-0.522
600909.SH,20260311,20260513,5.62,0,-0.0802,2,BE,20260511,5.62,20260512,OB,39,1,-3.652
603043.SH,20260330,20260506,15.16,0,-4.1898,4,SL_HIT,20260429,15.24,20260430,OB,21,1,-3.945
600239.SH,20260529,20260810,1.414,0,0.7859,4,BE,20260806,1.4,20260807,LEVEL,48,1,-6.55
603456.SH,20260527,20260623,12.76,0,0.2337,2,BE,20260618,13.03,20260622,OB,16,1,-1.728
300883.SZ,20260528,20260814,6.07,0,10.4498,12,TIME_STOP,20260812,6.01,20260813,LEVEL,53,1,-7.196
600567.SH,20260611,20260616,1.394,0,-2.462,2,SL_GAP,20260612,1.38,20260615,LEVEL,1,1,-5.252
002758.SZ,20260615,20260625,7.835,0,0.3263,2,BE,20260623,8.025,20260624,FVG,5,1,-2.99
600567.SH,20260612,20260616,1.394,0,-2.462,2,SL_GAP,20260612,1.38,20260615,LEVEL,0,1,7.072
603987.SH,20260612,20260717,7.39,0,-0.0217,12,TIME_STOP,20260715,7.46,20260716,FVG,22,1,-0.934
300871.SZ,20260615,20260617,22.541,0,5.8872,12,TIME_STOP,20260615,22.241,20260616,OB,0,1,2.691
300193.SZ,20260616,20260812,7.838,0,2.0756,12,TIME_STOP,20260810,7.76,20260811,LEVEL,38,1,-4.912
301223.SZ,20260616,20260717,16.766,0,-1.4474,12,TIME_STOP,20260715,16.6,20260716,LEVEL,20,1,-2.646
002637.SZ,20260603,20260806,10.65,0,4.6605,9,TP2_RUNNER,20260804,10.53,20260805,FVG,43,1,1.004
000055.SZ,20260609,20260805,3.45,0,-1.123,3,SL_GAP,20260803,3.46,20260804,OB,38,1,7.781
002206.SZ,20260611,20260804,5.37,0,-4.3026,12,TIME_STOP,20260731,5.34,20260803,OB,35,1,2.087
603579.SH,20260615,20260617,18.85,0,-0.9875,4,SL_GAP,20260615,19.18,20260616,FVG,0,1,-0.298
301263.SZ,20260617,20260701,20.806,0,6.8624,3,TP2_RUNNER,20260629,20.6,20260630,LEVEL,7,1,-9.249
300245.SZ,20260601,20260806,5.737,0,-2.6057,12,TIME_STOP,20260804,5.68,20260805,LEVEL,45,1,-2.23
603858.SH,20260604,20260617,15.342,0,-9.2358,7,SL_HIT,20260615,15.19,20260616,LEVEL,7,1,-3.588
688513.SH,20260605,20260728,48.177,0,-3.8738,1,SL_GAP,20260701,47.7,20260727,LEVEL,17,18,-2.232
688606.SH,20260608,20260720,45.208,0,-0.6815,12,TIME_STOP,20260716,44.76,20260717,LEVEL,27,1,-7.236
000055.SZ,20260610,20260805,3.45,0,-1.123,3,SL_GAP,20260803,3.46,20260804,OB,37,1,0.965
300791.SZ,20260615,20260720,16.948,0,0.5553,12,TIME_STOP,20260714,16.78,20260717,LEVEL,20,3,-4.809
300883.SZ,20260616,20260814,6.07,0,10.4498,12,TIME_STOP,20260812,6.01,20260813,LEVEL,40,1,-3.093
000564.SZ,20260617,20260731,1.38,0,3.2161,2,TP2_RUNNER,20260729,1.38,20260730,OB,29,1,-4.905
600179.SH,20260603,20260608,4.585,0,-0.1739,6,BE,20260604,4.54,20260605,LEVEL,1,1,4.581
301078.SZ,20260605,20260720,7.09,0,6.776,12,TIME_STOP,20260716,7.02,20260717,LEVEL,28,1,-2.195
002452.SZ,20260610,20260710,11.34,0,-8.4713,2,SL_HIT,20260624,11.41,20260709,OB,9,11,9.469
002661.SZ,20260611,20260812,7.73,0,-0.2836,2,BE,20260810,7.76,20260811,OB,41,1,-6.384
300082.SZ,20260616,20260807,7.868,0,-0.3732,12,TIME_STOP,20260805,7.79,20260806,LEVEL,35,1,-5.87
300143.SZ,20260720,20260811,7.676,0,1.9925,3,TP2_RUNNER,20260807,7.6,20260810,LEVEL,14,1,5.307
301032.SZ,20260722,20260812,10.06,0,1.4851,12,TIME_STOP,20260810,9.93,20260811,LEVEL,13,1,9.924
601717.SH,20260717,20260727,15.594,0,0.98,3,TP2_RUNNER,20260723,15.44,20260724,LEVEL,4,1,0.421
002340.SZ,20260720,20260731,6.737,0,-0.3509,12,TIME_STOP,20260729,6.67,20260730,LEVEL,7,1,7.809
300014.SZ,20260722,20260813,55.89,0,-0.3409,2,BE,20260811,56.0,20260812,OB,14,1,0.46
300183.SZ,20260723,20260810,10.55,0,1.9651,4,TP2_RUNNER,20260803,10.41,20260807,FVG,7,4,5.727
688032.SH,20260723,20260804,79.83,0,-6.6131,12,TIME_STOP,20260731,78.37,20260803,FVG,6,1,4.768
002020.SZ,20260727,20260811,14.191,0,-8.1872,8,SL_HIT,20260807,14.05,20260810,LEVEL,9,1,6.45
002340.SZ,20260727,20260731,6.737,0,-0.3509,12,TIME_STOP,20260729,6.67,20260730,LEVEL,2,1,4.067
300925.SZ,20260728,20260817,14.807,0,-0.9161,1,SL_HIT,20260730,14.66,20260814,LEVEL,2,11,7.771
002778.SZ,20260729,20260807,14.94,0,3.6684,2,TP2_RUNNER,20260805,15.01,20260806,FVG,5,1,9.03
002812.SZ,20260729,20260812,55.41,0,-2.9934,12,TIME_STOP,20260810,55.2,20260811,OB,8,1,8.277
688623.SH,20260730,20260813,62.98,0,-9.6659,6,SL_HIT,20260811,61.97,20260812,OB,8,1,6.335
301173.SZ,20260721,20260819,32.2,0,-1.0693,2,SL_GAP,20260817,32.58,20260818,OB,19,1,-3.282
301533.SZ,20260723,20260805,25.27,0,0.1687,2,BE,20260803,25.02,20260804,LEVEL,7,1,11.164
001233.SZ,20260724,20260803,44.541,0,3.6087,7,TP2_RUNNER,20260730,44.1,20260731,LEVEL,4,1,5.046
003008.SZ,20260724,20260805,18.271,0,-0.3685,2,BE,20260803,18.09,20260804,LEVEL,6,1,-2.275
300467.SZ,20260728,20260807,34.552,0,2.9736,4,TP2_RUNNER,20260805,34.21,20260806,LEVEL,6,1,8.611
301662.SZ,20260728,20260819,72.5,0,-8.2968,1,SL_HIT,20260817,71.88,20260818,OB,14,1,6.585
300690.SZ,20260729,20260805,21.64,0,-5.2883,12,TIME_STOP,20260803,21.28,20260804,OB,3,1,-0.552
301305.SZ,20260729,20260804,21.776,0,8.3741,12,TIME_STOP,20260731,21.56,20260803,LEVEL,2,1,17.674
002079.SZ,20260730,20260806,9.44,0,1.0803,12,TIME_STOP,20260804,9.21,20260805,LEVEL,3,1,7.993
300183.SZ,20260730,20260810,10.55,0,1.9651,4,TP2_RUNNER,20260803,10.41,20260807,FVG,2,4,5.728
688350.SH,20260730,20260807,29.482,0,-0.677,12,TIME_STOP,20260805,29.19,20260806,LEVEL,4,1,5.716
603079.SH,20260731,20260812,12.18,0,-0.6374,2,SL_GAP,20260810,11.89,20260811,LEVEL,6,1,11.06
688359.SH,20260731,20260819,108.8,0,-15.4982,12,TIME_STOP,20260817,109.0,20260818,OB,11,1,25.304
002020.SZ,20260722,20260811,14.191,0,-8.1872,8,SL_HIT,20260807,14.05,20260810,LEVEL,12,1,-2.816
301439.SZ,20260728,20260817,15.35,0,-1.011,2,SL_GAP,20260813,15.48,20260814,OB,12,1,7.137
002203.SZ,20260730,20260811,19.57,0,-1.2004,3,SL_GAP,20260807,19.77,20260810,OB,6,1,9.276
603088.SH,20260730,20260827,9.97,0,4.8054,3,TP2_RUNNER,20260825,9.74,20260826,OB,18,1,3.151
002203.SZ,20260731,20260811,19.57,0,-1.2004,3,SL_GAP,20260807,19.77,20260810,OB,5,1,10.809
301322.SZ,20260731,20260807,36.0,0,11.1604,12,TIME_STOP,20260805,35.46,20260806,LEVEL,3,1,25.086
688623.SH,20260724,20260813,62.98,0,-9.6659,6,SL_HIT,20260811,61.97,20260812,OB,12,1,-1.307
002820.SZ,20260729,20260810,9.01,0,2.5466,2,TP2_RUNNER,20260806,9.15,20260807,FVG,6,1,8.292
001205.SZ,20260730,20260805,13.53,0,3.8046,9,TP2_RUNNER,20260803,13.51,20260804,OB,2,1,4.669
688153.SH,20260730,20260814,26.33,0,-0.3725,3,BE,20260812,26.354,20260813,OB,9,1,6.957
301120.SZ,20260805,20260820,14.827,0,1.1026,12,TIME_STOP,20260805,14.68,20260819,LEVEL,0,10,-9.135
300637.SZ,20260807,20260819,9.25,0,-0.033,8,TP2_RUNNER,20260817,9.27,20260818,OB,6,1,0.947
301120.SZ,20260806,20260820,14.827,0,1.1026,12,TIME_STOP,20260806,14.68,20260819,LEVEL,0,9,-6.434
688080.SH,20260810,20260902,38.37,0,-3.9629,12,TIME_STOP,20260831,37.99,20260901,LEVEL,15,1,-0.589
688080.SH,20260811,20260902,38.37,0,-3.9629,12,TIME_STOP,20260831,37.99,20260901,LEVEL,14,1,-0.599
300637.SZ,20260813,20260819,9.25,0,-0.033,8,TP2_RUNNER,20260817,9.27,20260818,OB,2,1,0.706
301010.SZ,20260803,20260805,16.554,0,2.2294,4,TP2_RUNNER,20260803,16.39,20260804,LEVEL,0,1,4.981
688525.SH,20260813,20260819,253.88,0,-13.5215,12,TIME_STOP,20260817,250.0,20260818,OB,2,1,-0.007
002683.SZ,20260803,20260814,29.09,0,5.3638,12,TIME_STOP,20260812,28.99,20260813,OB,7,1,8.32
301322.SZ,20260804,20260807,36.0,0,11.1604,12,TIME_STOP,20260805,35.46,20260806,LEVEL,1,1,13.647
603950.SH,20260807,20260819,63.994,0,3.1971,12,TIME_STOP,20260817,63.36,20260818,LEVEL,6,1,6.752
603950.SH,20260806,20260819,63.994,0,3.1971,12,TIME_STOP,20260817,63.36,20260818,LEVEL,7,1,4.825
001227.SZ,20260807,20260828,2.13,0,0.4436,6,BE,20260826,2.16,20260827,OB,13,1,-2.166
