symbol,entry_date,src,net_pnl_pct,eq_near_active,eqh_active_n,eql_active_n,eq_conflu
688381.SH,20230913,EVENT,-3.1863,False,0,0,False
301308.SZ,20231009,EVENT,8.3273,False,0,0,False
000651.SZ,20231030,EVENT,-3.6222,False,0,0,False
300138.SZ,20231103,EVENT,0.7548,False,0,0,False
000651.SZ,20231109,EVENT,-2.8346,False,0,0,False
000651.SZ,20231101,EVENT,-3.4155,False,0,0,False
603808.SH,20231221,EVENT,-7.1322,False,0,0,False
601975.SH,20231226,EVENT,6.2067,False,0,0,False
001323.SZ,20231228,EVENT,-1.9246,False,0,0,False
600872.SH,20231229,EVENT,-2.275,False,0,0,False
603688.SH,20231229,EVENT,1.9342,False,0,0,False
000703.SZ,20231220,EVENT,0.3681,False,0,0,False
002978.SZ,20231220,EVENT,-0.9853,False,0,0,False
300993.SZ,20231222,EVENT,-2.1188,False,0,0,False
688420.SH,20231229,EVENT,-2.5085,False,0,0,False
600219.SH,20231215,EVENT,-2.4856,False,0,0,False
002985.SZ,20231218,EVENT,-0.2539,False,0,0,False
301115.SZ,20231218,EVENT,-2.0989,False,0,0,False
002568.SZ,20231220,EVENT,-1.8283,False,0,0,False
301305.SZ,20231220,EVENT,-1.9595,True,0,1,False
603267.SH,20231228,EVENT,-5.1197,False,0,0,False
603507.SH,20231229,EVENT,-1.3586,False,0,0,False
605303.SH,20231212,EVENT,0.5571,False,0,0,False
000651.SZ,20231215,EVENT,-0.5799,False,0,0,False
002568.SZ,20231218,EVENT,-1.8487,False,0,0,False
600703.SH,20231218,EVENT,-2.635,False,0,0,False
002625.SZ,20231220,EVENT,2.1291,False,0,0,False
301115.SZ,20231220,EVENT,-1.8339,False,0,0,False
300943.SZ,20231221,EVENT,-3.032,False,0,0,False
600313.SH,20231221,EVENT,-3.5146,False,0,0,False
002857.SZ,20231222,EVENT,-2.1348,False,0,0,False
600382.SH,20231227,EVENT,5.9081,True,0,1,False
000950.SZ,20231229,EVENT,-3.9641,False,0,0,False
300993.SZ,20231229,EVENT,2.4363,False,0,0,False
688013.SH,20231229,EVENT,1.166,False,0,0,False
000526_SZ.SZ,20231208,CONT,12.2571,,,,
600971_SH.SH,20231212,CONT,-4.3082,,,,
000404.SZ,20231220,EVENT,-2.6398,False,0,0,False
000975.SZ,20231220,EVENT,6.2535,False,0,0,False
300068.SZ,20231228,EVENT,9.45,False,0,0,False
301367.SZ,20231229,EVENT,-1.2232,False,0,0,False
000921.SZ,20240110,EVENT,4.2581,False,0,0,False
603515.SH,20240110,EVENT,3.7931,False,0,0,False
002570.SZ,20240117,EVENT,-4.2752,False,0,0,False
301093.SZ,20240117,EVENT,-7.6494,False,0,0,False
301093.SZ,20240118,EVENT,-8.6933,False,0,0,False
301093.SZ,20240119,EVENT,-9.3026,False,0,0,False
000818.SZ,20240126,EVENT,-2.9115,False,0,0,False
600718.SH,20240126,EVENT,-2.148,False,0,0,False
000498.SZ,20240129,EVENT,-0.6563,False,0,0,False
300656.SZ,20240131,EVENT,-7.8417,False,0,0,False
301152.SZ,20240131,EVENT,-12.6218,False,0,0,False
000589.SZ,20240110,EVENT,5.0452,False,0,0,False
002959.SZ,20240110,EVENT,-1.442,False,0,0,False
301267.SZ,20240116,EVENT,-6.0638,False,0,0,False
603612.SH,20240116,EVENT,-3.0797,False,0,0,False
002570.SZ,20240118,EVENT,-2.8139,False,0,0,False
603505.SH,20240125,EVENT,-4.2218,False,0,0,False
301093.SZ,20240126,EVENT,-4.1244,False,0,0,False
600718.SH,20240129,EVENT,-13.0675,False,0,0,False
601969.SH,20240129,EVENT,-9.8095,False,0,0,False
603060.SH,20240129,EVENT,-3.5138,False,0,0,False
300200.SZ,20240131,EVENT,-10.0206,False,0,0,False
301087.SZ,20240131,EVENT,-6.5368,False,0,0,False
688018.SH,20240131,EVENT,-5.3678,False,0,0,False
002624.SZ,20240102,EVENT,-13.8728,False,0,0,False
603515.SH,20240102,EVENT,-5.0602,False,0,0,False
300993.SZ,20240103,EVENT,0.0017,False,0,0,False
688171.SH,20240105,EVENT,-6.4065,False,0,0,False
002004.SZ,20240110,EVENT,-2.3178,False,0,0,False
600219.SH,20240110,EVENT,-11.9983,False,0,0,False
688013.SH,20240110,EVENT,-6.5313,False,0,0,False
002624.SZ,20240111,EVENT,-3.8074,False,0,0,False
002930.SZ,20240111,EVENT,-1.9575,False,0,0,False
600351.SH,20240111,EVENT,-1.2309,False,0,0,False
688093.SH,20240111,EVENT,-2.3891,False,0,0,False
600703.SH,20240112,EVENT,-1.6597,False,0,0,False
688257.SH,20240112,EVENT,-4.8923,False,0,0,False
600487.SH,20240117,EVENT,-4.2931,False,0,0,False
603822.SH,20240117,EVENT,-2.1077,True,0,1,False
603882.SH,20240126,EVENT,12.6687,False,0,0,False
002859.SZ,20240129,EVENT,-3.7899,False,0,0,False
300148.SZ,20240129,EVENT,-5.783,False,0,0,False
603727.SH,20240129,EVENT,-3.8327,False,0,0,False
301265.SZ,20240130,EVENT,-6.9422,False,0,0,False
001256.SZ,20240131,EVENT,-6.6015,False,0,0,False
002148.SZ,20240131,EVENT,-6.3099,False,0,0,False
600572.SH,20240131,EVENT,-8.8383,False,0,0,False
300515.SZ,20240102,EVENT,-0.5667,False,0,0,False
688093.SH,20240102,EVENT,-8.0492,False,0,0,False
300097.SZ,20240104,EVENT,-8.4106,False,0,0,False
603156.SH,20240104,EVENT,7.0665,False,0,0,False
688093.SH,20240104,EVENT,-9.5995,False,0,0,False
002385.SZ,20240105,EVENT,-2.2659,False,0,0,False
600433.SH,20240105,EVENT,-6.5504,False,0,0,False
603156.SH,20240108,EVENT,0.9989,False,0,0,False
603258.SH,20240108,EVENT,-12.006,False,0,0,False
603888.SH,20240108,EVENT,-4.4324,False,0,0,False
300943.SZ,20240110,EVENT,0.5966,False,0,0,False
301201.SZ,20240110,EVENT,-0.4318,False,0,0,False
000498.SZ,20240115,EVENT,-1.1433,False,0,0,False
300699.SZ,20240115,EVENT,-15.5158,False,0,0,False
688326.SH,20240115,EVENT,-1.9777,False,0,0,False
688819.SH,20240117,EVENT,-6.869,False,0,0,False
002555.SZ,20240119,EVENT,-8.5328,False,0,0,False
600487.SH,20240122,EVENT,-4.3172,False,0,0,False
000661.SZ,20240124,EVENT,-2.0054,False,0,0,False
300126.SZ,20240130,EVENT,-8.2385,False,0,0,False
002166.SZ,20240131,EVENT,-4.6405,False,0,0,False
300888.SZ,20240131,EVENT,-10.8532,False,0,0,False
601600.SH,20240131,EVENT,-0.5276,False,0,0,False
688508.SH,20240131,EVENT,-4.3168,False,0,0,False
603977_SH.SH,20240109,CONT,-14.6161,,,,
002004.SZ,20240104,EVENT,-5.1924,False,0,0,False
000534.SZ,20240105,EVENT,-8.128,False,0,0,False
688420.SH,20240105,EVENT,-8.8198,False,0,0,False
688093.SH,20240109,EVENT,-4.5996,False,0,0,False
002555.SZ,20240117,EVENT,-5.8955,False,0,0,False
603727.SH,20240131,EVENT,-10.6743,False,0,0,False
002640.SZ,20240102,EVENT,-2.3567,False,0,0,False
600623.SH,20240110,EVENT,-0.8113,True,0,1,False
600803.SH,20240110,EVENT,2.4344,False,0,0,False
688349.SH,20240206,EVENT,0.5238,False,0,0,False
002093.SZ,20240219,EVENT,12.5788,False,0,0,False
300685.SZ,20240219,EVENT,5.3305,False,0,0,False
688068.SH,20240219,EVENT,2.7463,False,0,0,False
688237.SH,20240223,EVENT,4.4082,False,0,0,False
301353.SZ,20240227,EVENT,-2.5242,False,0,0,False
301225.SZ,20240228,EVENT,-0.4749,False,0,0,False
300835.SZ,20240201,EVENT,-3.4389,False,0,0,False
002266.SZ,20240207,EVENT,7.4661,False,0,0,False
300054.SZ,20240207,EVENT,9.4239,False,0,0,False
300171.SZ,20240207,EVENT,10.3431,False,0,0,False
300285.SZ,20240207,EVENT,1.6283,False,0,0,False
002008.SZ,20240208,EVENT,0.174,False,0,0,False
300910.SZ,20240208,EVENT,-1.6818,False,0,0,False
600109.SH,20240208,EVENT,0.1131,False,0,0,False
688596.SH,20240208,EVENT,13.8809,False,0,0,False
688646.SH,20240219,EVENT,5.7879,False,0,0,False
300143.SZ,20240220,EVENT,0.2419,False,0,0,False
001228.SZ,20240221,EVENT,9.0165,False,0,0,False
002885.SZ,20240221,EVENT,10.2801,False,0,0,False
301085.SZ,20240221,EVENT,19.1961,False,0,0,False
002093.SZ,20240222,EVENT,9.5353,False,0,0,False
603626.SH,20240222,EVENT,11.3687,False,0,0,False
002312.SZ,20240223,EVENT,-1.1487,False,0,0,False
003004.SZ,20240223,EVENT,20.2876,False,0,0,False
603111.SH,20240223,EVENT,12.6103,True,1,0,False
301366.SZ,20240226,EVENT,11.349,False,0,0,False
002520.SZ,20240228,EVENT,-6.5425,False,0,0,False
300100.SZ,20240228,EVENT,-0.2339,False,0,0,False
301072.SZ,20240228,EVENT,13.2575,False,0,0,False
002098.SZ,20240229,EVENT,9.9904,False,0,0,False
300597.SZ,20240229,EVENT,11.2254,False,0,0,False
301248.SZ,20240229,EVENT,18.5393,False,0,0,False
688244.SH,20240229,EVENT,5.8818,False,0,0,False
002180.SZ,20240202,EVENT,-4.6244,False,0,0,False
300702.SZ,20240202,EVENT,-4.5123,False,0,0,False
603990.SH,20240202,EVENT,-19.5712,False,0,0,False
688069.SH,20240202,EVENT,-12.4038,False,0,0,False
688606.SH,20240202,EVENT,-9.5947,True,0,1,False
000036.SZ,20240205,EVENT,-11.794,False,0,0,False
300128.SZ,20240205,EVENT,-13.5212,False,0,0,False
000869.SZ,20240207,EVENT,9.3268,False,0,0,False
002008.SZ,20240207,EVENT,8.8099,False,0,0,False
002532.SZ,20240207,EVENT,10.4622,False,0,0,False
002635.SZ,20240207,EVENT,11.1055,False,0,0,False
300128.SZ,20240207,EVENT,20.3522,False,0,0,False
300997.SZ,20240207,EVENT,21.5435,False,0,0,False
301071.SZ,20240207,EVENT,9.6276,False,0,0,False
600497.SH,20240207,EVENT,6.4053,False,0,0,False
600884.SH,20240207,EVENT,4.7077,False,0,0,False
601969.SH,20240207,EVENT,21.2073,False,0,0,False
688739.SH,20240207,EVENT,3.5306,False,0,0,False
300054.SZ,20240208,EVENT,8.1808,False,0,0,False
300285.SZ,20240208,EVENT,-2.7736,False,0,0,False
300463.SZ,20240208,EVENT,6.9316,False,0,0,False
300997.SZ,20240208,EVENT,15.9465,False,0,0,False
600120.SH,20240208,EVENT,2.8623,False,0,0,False
002635.SZ,20240219,EVENT,10.3078,False,0,0,False
300171.SZ,20240219,EVENT,-0.5752,False,0,0,False
300997.SZ,20240219,EVENT,11.7517,False,0,0,False
600210.SH,20240219,EVENT,0.0792,False,0,0,False
603039.SH,20240219,EVENT,2.6034,False,0,0,False
688088.SH,20240219,EVENT,-2.9683,False,0,0,False
688298.SH,20240219,EVENT,-3.466,False,0,0,False
600075.SH,20240220,EVENT,2.7139,False,0,0,False
301150.SZ,20240221,EVENT,3.7442,False,0,0,False
603096.SH,20240221,EVENT,9.17,False,0,0,False
688232.SH,20240221,EVENT,2.4755,False,0,0,False
300903.SZ,20240222,EVENT,31.2737,False,0,0,False
301225.SZ,20240222,EVENT,15.6263,False,0,0,False
301270.SZ,20240222,EVENT,6.0919,False,0,0,False
600645.SH,20240222,EVENT,0.9807,False,0,0,False
603596.SH,20240222,EVENT,0.7211,False,0,0,False
688593.SH,20240222,EVENT,5.9818,False,0,0,False
001299.SZ,20240223,EVENT,9.9431,False,0,0,False
002796.SZ,20240223,EVENT,24.4566,False,0,0,False
300135.SZ,20240223,EVENT,5.7779,False,0,0,False
300915.SZ,20240223,EVENT,-1.0384,False,0,0,False
301322.SZ,20240223,EVENT,1.6251,False,0,0,False
603119.SH,20240223,EVENT,10.9629,False,0,0,False
688195.SH,20240223,EVENT,9.4854,False,0,0,False
300597.SZ,20240226,EVENT,2.8111,False,0,0,False
300786.SZ,20240226,EVENT,7.3233,False,0,0,False
300801.SZ,20240226,EVENT,2.431,False,0,0,False
300828.SZ,20240226,EVENT,11.337,False,0,0,False
301116.SZ,20240226,EVENT,3.793,False,0,0,False
301225.SZ,20240226,EVENT,2.5283,False,0,0,False
603028.SH,20240226,EVENT,5.5648,False,0,0,False
603629.SH,20240226,EVENT,10.9389,False,0,0,False
002796.SZ,20240227,EVENT,6.9634,False,0,0,False
301085.SZ,20240227,EVENT,-3.4325,False,0,0,False
301125.SZ,20240227,EVENT,17.01,False,0,0,False
301158.SZ,20240227,EVENT,3.2037,False,0,0,False
688455.SH,20240227,EVENT,-2.5793,False,0,0,False
301282.SZ,20240228,EVENT,-5.7677,False,0,0,False
600580.SH,20240228,EVENT,-0.3441,False,0,0,False
688618.SH,20240228,EVENT,-7.346,False,0,0,False
002436.SZ,20240229,EVENT,8.9926,False,0,0,False
300095.SZ,20240229,EVENT,8.5767,False,0,0,False
300405.SZ,20240229,EVENT,0.7974,False,0,0,False
300981.SZ,20240229,EVENT,7.3386,False,0,0,False
300985.SZ,20240229,EVENT,12.0101,False,0,0,False
301300.SZ,20240229,EVENT,22.0613,False,0,0,False
688143.SH,20240229,EVENT,1.589,False,0,0,False
688320.SH,20240229,EVENT,15.3648,False,0,0,False
688383.SH,20240229,EVENT,9.5067,False,0,0,False
688432.SH,20240229,EVENT,8.6059,False,0,0,False
688543.SH,20240229,EVENT,8.3346,False,0,0,False
002373.SZ,20240201,EVENT,-2.5872,False,0,0,False
300702.SZ,20240201,EVENT,-1.551,False,0,0,False
600572.SH,20240201,EVENT,-6.5235,False,0,0,False
300997.SZ,20240202,EVENT,-7.4224,False,0,0,False
600989.SH,20240202,EVENT,-1.4112,False,0,0,False
688383.SH,20240202,EVENT,-10.6011,False,0,0,False
000878.SZ,20240207,EVENT,6.3051,False,0,0,False
002506.SZ,20240207,EVENT,13.4187,False,0,0,False
688333.SH,20240207,EVENT,16.243,False,0,0,False
002274.SZ,20240208,EVENT,10.6907,False,0,0,False
002402.SZ,20240208,EVENT,10.7276,False,0,0,False
002683.SZ,20240208,EVENT,0.4322,False,0,0,False
002895.SZ,20240208,EVENT,10.8289,False,0,0,False
002925.SZ,20240208,EVENT,9.5865,False,0,0,False
300138.SZ,20240208,EVENT,4.4358,False,0,0,False
300233.SZ,20240208,EVENT,17.7355,False,0,0,False
600536.SH,20240208,EVENT,22.2589,False,0,0,False
000818.SZ,20240219,EVENT,0.715,False,0,0,False
300128.SZ,20240219,EVENT,0.7783,False,0,0,False
300664.SZ,20240219,EVENT,-2.852,False,0,0,False
603416.SH,20240219,EVENT,-1.0686,False,0,0,False
605183.SH,20240219,EVENT,6.4054,False,0,0,False
300035.SZ,20240220,EVENT,7.5293,False,0,0,False
300395.SZ,20240220,EVENT,7.8138,False,0,0,False
301370.SZ,20240220,EVENT,6.2487,False,0,0,False
603067.SH,20240220,EVENT,2.7161,False,0,0,False
688166.SH,20240220,EVENT,15.569,False,0,0,False
002402.SZ,20240221,EVENT,4.3347,False,0,0,False
002457.SZ,20240221,EVENT,0.3094,False,0,0,False
002820.SZ,20240221,EVENT,8.869,False,0,0,False
300054.SZ,20240221,EVENT,3.8618,False,0,0,False
300656.SZ,20240221,EVENT,1.7421,False,0,0,False
301063.SZ,20240221,EVENT,20.6775,False,0,0,False
301206.SZ,20240221,EVENT,-2.8978,False,0,0,False
301317.SZ,20240221,EVENT,24.6896,False,0,0,False
301335.SZ,20240221,EVENT,10.3673,False,0,0,False
600212.SH,20240221,EVENT,13.5845,False,0,0,False
603111.SH,20240221,EVENT,27.3513,False,0,0,False
603166.SH,20240221,EVENT,9.046,False,0,0,False
603324.SH,20240221,EVENT,4.288,False,0,0,False
688237.SH,20240221,EVENT,7.8564,False,0,0,False
688255.SH,20240221,EVENT,21.0842,False,0,0,False
688291.SH,20240221,EVENT,16.0495,False,0,0,False
688435.SH,20240221,EVENT,23.8779,False,0,0,False
688478.SH,20240221,EVENT,3.91,False,0,0,False
688498.SH,20240221,EVENT,20.8127,False,0,0,False
001205.SZ,20240222,EVENT,6.9331,False,0,0,False
003019.SZ,20240222,EVENT,5.7335,False,0,0,False
300162.SZ,20240222,EVENT,11.4617,False,0,0,False
300642.SZ,20240222,EVENT,1.7279,False,0,0,False
300643.SZ,20240222,EVENT,9.3845,False,0,0,False
300978.SZ,20240222,EVENT,10.3234,False,0,0,False
301065.SZ,20240222,EVENT,6.8142,False,0,0,False
301280.SZ,20240222,EVENT,25.5601,False,0,0,False
600080.SH,20240222,EVENT,18.8741,False,0,0,False
600986.SH,20240222,EVENT,9.2804,False,0,0,False
603008.SH,20240222,EVENT,11.5673,False,0,0,False
603629.SH,20240222,EVENT,17.6311,False,0,0,False
605060.SH,20240222,EVENT,-0.1365,False,0,0,False
688173.SH,20240222,EVENT,36.2719,False,0,0,False
688432.SH,20240222,EVENT,8.6383,False,0,0,False
688486.SH,20240222,EVENT,10.2446,False,0,0,False
688628.SH,20240222,EVENT,3.7926,False,0,0,False
688699.SH,20240222,EVENT,10.1437,False,0,0,False
002910.SZ,20240223,EVENT,1.2663,False,0,0,False
300074.SZ,20240223,EVENT,16.8201,False,0,0,False
300378.SZ,20240223,EVENT,9.2436,False,0,0,False
300897.SZ,20240223,EVENT,10.8715,False,0,0,False
301068.SZ,20240223,EVENT,3.7606,False,0,0,False
301085.SZ,20240223,EVENT,1.8903,False,0,0,False
600199.SH,20240223,EVENT,7.7539,False,0,0,False
600543.SH,20240223,EVENT,8.0321,False,0,0,False
603356.SH,20240223,EVENT,14.9893,False,0,0,False
688356.SH,20240223,EVENT,2.7948,False,0,0,False
688519.SH,20240223,EVENT,11.8278,False,0,0,False
688528.SH,20240223,EVENT,9.0848,False,0,0,False
300232.SZ,20240226,EVENT,-0.7622,False,0,0,False
300331.SZ,20240226,EVENT,5.2826,False,0,0,False
300448.SZ,20240226,EVENT,9.8248,False,0,0,False
300629.SZ,20240226,EVENT,12.1887,False,0,0,False
300688.SZ,20240226,EVENT,1.4699,False,0,0,False
300845.SZ,20240226,EVENT,4.3561,False,0,0,False
300912.SZ,20240226,EVENT,3.4177,False,0,0,False
301033.SZ,20240226,EVENT,3.387,False,0,0,False
301059.SZ,20240226,EVENT,6.178,False,0,0,False
301222.SZ,20240226,EVENT,5.7781,False,0,0,False
301389.SZ,20240226,EVENT,12.9871,False,0,0,False
600232.SH,20240226,EVENT,13.1653,False,0,0,False
600525.SH,20240226,EVENT,2.8664,False,0,0,False
600699.SH,20240226,EVENT,-0.5099,False,0,0,False
603017.SH,20240226,EVENT,-0.3196,False,0,0,False
603321.SH,20240226,EVENT,4.1251,False,0,0,False
603687.SH,20240226,EVENT,7.3328,False,0,0,False
603726.SH,20240226,EVENT,14.0364,False,0,0,False
688383.SH,20240226,EVENT,3.7165,False,0,0,False
688478.SH,20240226,EVENT,-0.5297,False,0,0,False
300124.SZ,20240227,EVENT,7.1965,False,0,0,False
300546.SZ,20240227,EVENT,6.7498,False,0,0,False
300686.SZ,20240227,EVENT,17.1515,False,0,0,False
301123.SZ,20240227,EVENT,2.6704,False,0,0,False
301397.SZ,20240227,EVENT,1.0718,False,0,0,False
688032.SH,20240227,EVENT,3.677,False,0,0,False
688133.SH,20240227,EVENT,-0.4033,False,0,0,False
001360.SZ,20240228,EVENT,-2.1919,False,0,0,False
002671.SZ,20240228,EVENT,-1.2848,False,0,0,False
300405.SZ,20240228,EVENT,-3.0843,False,0,0,False
300447.SZ,20240228,EVENT,2.8389,False,0,0,False
300538.SZ,20240228,EVENT,1.0742,False,0,0,False
300836.SZ,20240228,EVENT,16.0811,False,0,0,False
603626.SH,20240228,EVENT,1.6097,False,0,0,False
605018.SH,20240228,EVENT,-1.6595,False,0,0,False
688317.SH,20240228,EVENT,-5.7835,False,0,0,False
688593.SH,20240228,EVENT,-6.1208,False,0,0,False
001299.SZ,20240229,EVENT,16.8977,False,0,0,False
002769.SZ,20240229,EVENT,7.8543,False,0,0,False
002899.SZ,20240229,EVENT,16.5072,False,0,0,False
300166.SZ,20240229,EVENT,9.7566,False,0,0,False
301125.SZ,20240229,EVENT,35.596,False,0,0,False
301130.SZ,20240229,EVENT,17.5159,False,0,0,False
301362.SZ,20240229,EVENT,12.3873,False,0,0,False
600543.SH,20240229,EVENT,13.9448,False,0,0,False
688081.SH,20240229,EVENT,11.7186,False,0,0,False
688362.SH,20240229,EVENT,9.4656,False,0,0,False
688536.SH,20240229,EVENT,2.4739,False,0,0,False
688610.SH,20240229,EVENT,26.1724,False,0,0,False
688630.SH,20240229,EVENT,4.0402,False,0,0,False
688018.SH,20240201,EVENT,-3.0171,False,0,0,False
688069.SH,20240201,EVENT,-8.9829,False,0,0,False
688072.SH,20240201,EVENT,-0.8688,False,0,0,False
688281.SH,20240201,EVENT,-1.1339,False,0,0,False
000404.SZ,20240202,EVENT,-5.0578,False,0,0,False
301071.SZ,20240202,EVENT,-4.3499,False,0,0,False
600351.SH,20240202,EVENT,-4.3611,False,0,0,False
600739.SH,20240202,EVENT,-4.7284,False,0,0,False
601003.SH,20240202,EVENT,-5.8255,False,0,0,False
300129.SZ,20240205,EVENT,-8.9925,False,0,0,False
601003.SH,20240205,EVENT,-5.7389,False,0,0,False
600337.SH,20240206,EVENT,-2.4717,False,0,0,False
001289.SZ,20240207,EVENT,1.0263,False,0,0,False
600022.SH,20240207,EVENT,4.6658,False,0,0,False
600031.SH,20240207,EVENT,1.2466,True,1,0,False
601003.SH,20240207,EVENT,-0.9033,False,0,0,False
688147.SH,20240207,EVENT,12.7877,False,0,0,False
002424.SZ,20240208,EVENT,5.0511,False,0,0,False
002484.SZ,20240208,EVENT,10.299,False,0,0,False
003012.SZ,20240208,EVENT,3.5691,False,0,0,False
601003.SH,20240208,EVENT,9.4579,False,0,0,False
603558.SH,20240208,EVENT,8.8663,False,0,0,False
000534.SZ,20240219,EVENT,0.4287,False,0,0,False
002111.SZ,20240219,EVENT,12.1904,False,0,0,False
002252.SZ,20240219,EVENT,4.8659,False,0,0,False
002627.SZ,20240219,EVENT,4.1222,False,0,0,False
301325.SZ,20240219,EVENT,0.8973,False,0,0,False
605060.SH,20240219,EVENT,1.0744,False,0,0,False
000544.SZ,20240220,EVENT,0.9345,False,0,0,False
002687.SZ,20240220,EVENT,11.9759,False,0,0,False
301196.SZ,20240220,EVENT,6.578,False,0,0,False
001283.SZ,20240221,EVENT,2.4828,False,0,0,False
002092.SZ,20240221,EVENT,-0.1824,False,0,0,False
002117.SZ,20240221,EVENT,0.5545,False,0,0,False
002132.SZ,20240221,EVENT,2.9618,False,0,0,False
002249.SZ,20240221,EVENT,7.1234,False,0,0,False
002664.SZ,20240221,EVENT,13.4636,False,0,0,False
300463.SZ,20240221,EVENT,0.1939,False,0,0,False
300897.SZ,20240221,EVENT,19.363,False,0,0,False
301160.SZ,20240221,EVENT,6.5969,False,0,0,False
600643.SH,20240221,EVENT,-1.5832,False,0,0,False
600645.SH,20240221,EVENT,1.997,False,0,0,False
600699.SH,20240221,EVENT,6.5494,False,0,0,False
603067.SH,20240221,EVENT,2.8034,False,0,0,False
603339.SH,20240221,EVENT,10.2222,False,0,0,False
688005.SH,20240221,EVENT,-3.8989,False,0,0,False
688010.SH,20240221,EVENT,10.5608,False,0,0,False
688061.SH,20240221,EVENT,10.0978,False,0,0,False
688105.SH,20240221,EVENT,-1.905,False,0,0,False
688239.SH,20240221,EVENT,4.497,False,0,0,False
688326.SH,20240221,EVENT,2.8164,False,0,0,False
688349.SH,20240221,EVENT,10.694,False,0,0,False
688531.SH,20240221,EVENT,5.523,False,0,0,False
002117.SZ,20240222,EVENT,1.2307,False,0,0,False
002132.SZ,20240222,EVENT,4.9063,False,0,0,False
002634.SZ,20240222,EVENT,6.7715,False,0,0,False
300435.SZ,20240222,EVENT,12.5059,False,0,0,False
300700.SZ,20240222,EVENT,16.3241,False,0,0,False
300786.SZ,20240222,EVENT,16.9128,False,0,0,False
300873.SZ,20240222,EVENT,2.3843,False,0,0,False
300985.SZ,20240222,EVENT,11.9806,False,0,0,False
300997.SZ,20240222,EVENT,5.1694,False,0,0,False
301047.SZ,20240222,EVENT,1.8376,False,0,0,False
301290.SZ,20240222,EVENT,2.2049,False,0,0,False
301366.SZ,20240222,EVENT,25.691,False,0,0,False
600826.SH,20240222,EVENT,2.6675,False,0,0,False
603039.SH,20240222,EVENT,2.8268,False,0,0,False
603416.SH,20240222,EVENT,8.7467,False,0,0,False
603755.SH,20240222,EVENT,-7.1076,False,0,0,False
603798.SH,20240222,EVENT,32.489,False,0,0,False
603950.SH,20240222,EVENT,9.3357,False,0,0,False
688123.SH,20240222,EVENT,18.3574,False,0,0,False
688138.SH,20240222,EVENT,14.1832,False,0,0,False
688237.SH,20240222,EVENT,3.3964,False,0,0,False
688252.SH,20240222,EVENT,15.3961,False,0,0,False
688519.SH,20240222,EVENT,20.3443,False,0,0,False
688616.SH,20240222,EVENT,6.4024,False,0,0,False
001336.SZ,20240223,EVENT,5.0049,False,0,0,False
002058.SZ,20240223,EVENT,3.3182,False,0,0,False
002548.SZ,20240223,EVENT,-1.7891,False,0,0,False
300745.SZ,20240223,EVENT,6.1491,False,0,0,False
300834.SZ,20240223,EVENT,7.1968,False,0,0,False
300997.SZ,20240223,EVENT,4.9191,False,0,0,False
301006.SZ,20240223,EVENT,5.4973,False,0,0,False
301097.SZ,20240223,EVENT,11.2736,False,0,0,False
301176.SZ,20240223,EVENT,10.2152,False,0,0,False
301237.SZ,20240223,EVENT,4.4593,False,0,0,False
301258.SZ,20240223,EVENT,2.3739,False,0,0,False
301279.SZ,20240223,EVENT,6.7496,False,0,0,False
301335.SZ,20240223,EVENT,3.0029,False,0,0,False
301353.SZ,20240223,EVENT,8.7096,False,0,0,False
600261.SH,20240223,EVENT,6.4286,False,0,0,False
601615.SH,20240223,EVENT,8.7056,False,0,0,False
603067.SH,20240223,EVENT,1.937,False,0,0,False
603096.SH,20240223,EVENT,13.9056,False,0,0,False
603726.SH,20240223,EVENT,17.4049,False,0,0,False
603822.SH,20240223,EVENT,3.9046,False,0,0,False
605300.SH,20240223,EVENT,2.1445,False,0,0,False
688247.SH,20240223,EVENT,3.867,False,0,0,False
688435.SH,20240223,EVENT,17.4348,False,0,0,False
688485.SH,20240223,EVENT,4.5747,False,0,0,False
688503.SH,20240223,EVENT,23.645,False,0,0,False
688523.SH,20240223,EVENT,14.4119,False,0,0,False
000869.SZ,20240226,EVENT,-0.2306,False,0,0,False
001313.SZ,20240226,EVENT,2.1937,False,0,0,False
001336.SZ,20240226,EVENT,3.0892,False,0,0,False
002084.SZ,20240226,EVENT,2.4214,False,0,0,False
002249.SZ,20240226,EVENT,-0.2103,False,0,0,False
002683.SZ,20240226,EVENT,2.7049,False,0,0,False
002753.SZ,20240226,EVENT,-3.9269,False,0,0,False
002899.SZ,20240226,EVENT,3.763,False,0,0,False
300122.SZ,20240226,EVENT,3.0103,False,0,0,False
300158.SZ,20240226,EVENT,-0.1687,False,0,0,False
300836.SZ,20240226,EVENT,23.7028,False,0,0,False
301047.SZ,20240226,EVENT,2.1011,False,0,0,False
301130.SZ,20240226,EVENT,11.0648,False,0,0,False
301336.SZ,20240226,EVENT,0.0304,False,0,0,False
600080.SH,20240226,EVENT,6.5151,False,0,0,False
603039.SH,20240226,EVENT,0.6603,False,0,0,False
603811.SH,20240226,EVENT,4.599,False,0,0,False
688138.SH,20240226,EVENT,7.7474,False,0,0,False
688143.SH,20240226,EVENT,11.9548,False,0,0,False
688170.SH,20240226,EVENT,1.2853,False,0,0,False
688291.SH,20240226,EVENT,5.9714,False,0,0,False
688321.SH,20240226,EVENT,0.131,False,0,0,False
688362.SH,20240226,EVENT,8.0448,False,0,0,False
688581.SH,20240226,EVENT,0.3716,False,0,0,False
688628.SH,20240226,EVENT,5.6719,False,0,0,False
688662.SH,20240226,EVENT,5.4147,False,0,0,False
300685.SZ,20240227,EVENT,1.9431,False,0,0,False
300845.SZ,20240227,EVENT,7.1802,False,0,0,False
301033.SZ,20240227,EVENT,5.1923,False,0,0,False
301197.SZ,20240227,EVENT,2.9656,False,0,0,False
301370.SZ,20240227,EVENT,-0.133,False,0,0,False
600536.SH,20240227,EVENT,14.0578,False,0,0,False
688244.SH,20240227,EVENT,13.1981,False,0,0,False
000534.SZ,20240228,EVENT,0.6083,False,0,0,False
001211.SZ,20240228,EVENT,-4.5765,False,0,0,False
002452.SZ,20240228,EVENT,13.3905,False,0,0,False
002683.SZ,20240228,EVENT,-0.1611,False,0,0,False
002910.SZ,20240228,EVENT,-3.283,False,0,0,False
003019.SZ,20240228,EVENT,2.4559,False,0,0,False
300143.SZ,20240228,EVENT,-2.2423,False,0,0,False
300598.SZ,20240228,EVENT,12.5623,False,0,0,False
300618.SZ,20240228,EVENT,-0.1888,False,0,0,False
300995.SZ,20240228,EVENT,0.407,False,0,0,False
301279.SZ,20240228,EVENT,-5.0387,False,0,0,False
600080.SH,20240228,EVENT,-7.2551,False,0,0,False
603296.SH,20240228,EVENT,8.8256,False,0,0,False
603321.SH,20240228,EVENT,-2.8222,False,0,0,False
603879.SH,20240228,EVENT,29.8284,False,0,0,False
605055.SH,20240228,EVENT,-1.5613,False,0,0,False
605337.SH,20240228,EVENT,-5.0283,False,0,0,False
688136.SH,20240228,EVENT,2.9106,False,0,0,False
688247.SH,20240228,EVENT,-0.2197,False,0,0,False
688252.SH,20240228,EVENT,5.2589,False,0,0,False
688429.SH,20240228,EVENT,1.5086,False,0,0,False
688528.SH,20240228,EVENT,0.355,False,0,0,False
688598.SH,20240228,EVENT,7.3245,False,0,0,False
002034.SZ,20240229,EVENT,4.3299,False,0,0,False
300321.SZ,20240229,EVENT,35.5769,False,0,0,False
300349.SZ,20240229,EVENT,15.1231,False,0,0,False
300420.SZ,20240229,EVENT,13.4124,False,0,0,False
300708.SZ,20240229,EVENT,1.1964,False,0,0,False
300776.SZ,20240229,EVENT,4.23,False,0,0,False
301006.SZ,20240229,EVENT,16.3501,False,0,0,False
301033.SZ,20240229,EVENT,15.2301,False,0,0,False
603339.SH,20240229,EVENT,11.2634,False,0,0,False
603980.SH,20240229,EVENT,3.7341,False,0,0,False
605069.SH,20240229,EVENT,15.7059,False,0,0,False
605089.SH,20240229,EVENT,12.2268,False,0,0,False
688391.SH,20240229,EVENT,16.4086,False,0,0,False
688623.SH,20240229,EVENT,3.6303,False,0,0,False
001217.SZ,20240201,EVENT,-8.863,False,0,0,False
300802.SZ,20240202,EVENT,-3.0691,False,0,0,False
600509.SH,20240202,EVENT,-6.0217,False,0,0,False
600718.SH,20240202,EVENT,-6.9002,False,0,0,False
688767.SH,20240202,EVENT,-3.548,False,0,0,False
603061.SH,20240207,EVENT,-2.4651,False,0,0,False
688069.SH,20240208,EVENT,3.8531,False,0,0,False
000404.SZ,20240219,EVENT,16.6835,False,0,0,False
000862.SZ,20240219,EVENT,10.6181,False,0,0,False
002713.SZ,20240219,EVENT,17.7953,False,0,0,False
300708.SZ,20240220,EVENT,-3.6576,False,0,0,False
301283.SZ,20240220,EVENT,-1.4885,False,0,0,False
002271.SZ,20240221,EVENT,0.4844,False,0,0,False
002385.SZ,20240221,EVENT,0.5072,False,0,0,False
002431.SZ,20240221,EVENT,7.6298,False,0,0,False
002879.SZ,20240221,EVENT,12.0619,False,0,0,False
002917.SZ,20240221,EVENT,9.1764,False,0,0,False
300014.SZ,20240221,EVENT,9.5657,False,0,0,False
300877.SZ,20240221,EVENT,3.968,False,0,0,False
300915.SZ,20240221,EVENT,1.8181,False,0,0,False
301003.SZ,20240221,EVENT,20.6918,False,0,0,False
301026.SZ,20240221,EVENT,15.1348,False,0,0,False
301092.SZ,20240221,EVENT,4.3511,False,0,0,False
301283.SZ,20240221,EVENT,0.8232,False,0,0,False
600261.SH,20240221,EVENT,5.2871,False,0,0,False
603687.SH,20240221,EVENT,6.6177,False,0,0,False
688068.SH,20240221,EVENT,-0.5764,False,0,0,False
688581.SH,20240221,EVENT,0.0252,False,0,0,False
001222.SZ,20240222,EVENT,4.8291,False,0,0,False
001296.SZ,20240222,EVENT,5.2472,False,0,0,False
002753.SZ,20240222,EVENT,3.3577,False,0,0,False
002917.SZ,20240222,EVENT,8.6279,False,0,0,False
300331.SZ,20240222,EVENT,12.9398,False,0,0,False
300395.SZ,20240222,EVENT,5.312,False,0,0,False
300674.SZ,20240222,EVENT,7.4278,False,0,0,False
300963.SZ,20240222,EVENT,10.2971,False,0,0,False
301110.SZ,20240222,EVENT,10.6461,False,0,0,False
301222.SZ,20240222,EVENT,8.8702,False,0,0,False
301320.SZ,20240222,EVENT,16.2434,False,0,0,False
600382.SH,20240222,EVENT,0.3376,False,0,0,False
601615.SH,20240222,EVENT,7.3762,False,0,0,False
603700.SH,20240222,EVENT,5.4563,False,0,0,False
688068.SH,20240222,EVENT,-1.1236,False,0,0,False
688286.SH,20240222,EVENT,13.9311,False,0,0,False
688718.SH,20240222,EVENT,11.8661,False,0,0,False
001202.SZ,20240223,EVENT,2.4263,False,0,0,False
001360.SZ,20240223,EVENT,7.0194,False,0,0,False
002420.SZ,20240223,EVENT,4.775,False,0,0,False
002494.SZ,20240223,EVENT,7.5012,False,0,0,False
002836.SZ,20240223,EVENT,6.0747,False,0,0,False
002879.SZ,20240223,EVENT,15.3117,False,0,0,False
300068.SZ,20240223,EVENT,13.7601,False,0,0,False
300132.SZ,20240223,EVENT,5.4219,False,0,0,False
300440.SZ,20240223,EVENT,8.2425,False,0,0,False
300828.SZ,20240223,EVENT,18.089,False,0,0,False
301003.SZ,20240223,EVENT,13.8434,False,0,0,False
301012.SZ,20240223,EVENT,23.948,False,0,0,False
600094.SH,20240223,EVENT,3.5181,False,0,0,False
603517.SH,20240223,EVENT,0.0623,False,0,0,False
603928.SH,20240223,EVENT,7.609,False,0,0,False
688037.SH,20240223,EVENT,15.1388,False,0,0,False
688232.SH,20240223,EVENT,2.0165,False,0,0,False
688486.SH,20240223,EVENT,14.1398,False,0,0,False
688571.SH,20240223,EVENT,4.5145,False,0,0,False
001211.SZ,20240226,EVENT,-1.3711,False,0,0,False
002117.SZ,20240226,EVENT,-2.9466,False,0,0,False
002391.SZ,20240226,EVENT,0.8131,False,0,0,False
300776.SZ,20240226,EVENT,3.9082,False,0,0,False
301149.SZ,20240226,EVENT,4.9678,False,0,0,False
603281.SH,20240226,EVENT,0.1501,False,0,0,False
603551.SH,20240226,EVENT,-0.3729,False,0,0,False
688193.SH,20240226,EVENT,-3.6548,False,0,0,False
688217.SH,20240226,EVENT,-4.0707,False,0,0,False
688517.SH,20240226,EVENT,9.9961,False,0,0,False
300296.SZ,20240227,EVENT,-0.7248,False,0,0,False
301187.SZ,20240227,EVENT,7.1076,False,0,0,False
301233.SZ,20240227,EVENT,15.2903,False,0,0,False
002272.SZ,20240228,EVENT,34.0269,False,0,0,False
002753.SZ,20240228,EVENT,-3.7659,False,0,0,False
300339.SZ,20240228,EVENT,6.9058,False,0,0,False
300441.SZ,20240228,EVENT,10.9797,False,0,0,False
300768.SZ,20240228,EVENT,-0.466,False,0,0,False
300947.SZ,20240228,EVENT,-5.3216,False,0,0,False
301063.SZ,20240228,EVENT,-0.2086,False,0,0,False
301156.SZ,20240228,EVENT,-3.2393,False,0,0,False
600865.SH,20240228,EVENT,-4.1921,False,0,0,False
603818.SH,20240228,EVENT,-4.8542,False,0,0,False
605169.SH,20240228,EVENT,-2.101,False,0,0,False
688381.SH,20240228,EVENT,1.8496,False,0,0,False
688391.SH,20240228,EVENT,8.4521,False,0,0,False
688543.SH,20240228,EVENT,0.337,False,0,0,False
601666_SH.SH,20240229,CONT,-8.6288,,,,
600031.SH,20240202,EVENT,4.2981,False,0,0,False
301305.SZ,20240301,EVENT,3.2959,False,0,0,False
001255.SZ,20240301,EVENT,9.4733,False,0,0,False
603005.SH,20240301,EVENT,0.0221,False,0,0,False
603399.SH,20240301,EVENT,-1.8839,False,0,0,False
000576.SZ,20240306,EVENT,6.5995,False,0,0,False
603119.SH,20240301,EVENT,-0.3209,False,0,0,False
688558.SH,20240301,EVENT,0.9067,False,0,0,False
688651.SH,20240301,EVENT,9.1074,False,0,0,False
300684.SZ,20240304,EVENT,0.9409,False,0,0,False
603399.SH,20240304,EVENT,0.4804,False,0,0,False
688320.SH,20240304,EVENT,1.726,False,0,0,False
300684.SZ,20240307,EVENT,-2.352,False,0,0,False
000576.SZ,20240308,EVENT,10.884,False,0,0,False
001283.SZ,20240301,EVENT,16.4028,False,0,0,False
002420.SZ,20240301,EVENT,8.3298,False,0,0,False
002671.SZ,20240301,EVENT,7.9373,False,0,0,False
002836.SZ,20240301,EVENT,12.216,False,0,0,False
002937.SZ,20240301,EVENT,6.4823,False,0,0,False
300097.SZ,20240301,EVENT,0.9043,False,0,0,False
300656.SZ,20240301,EVENT,2.6651,False,0,0,False
301092.SZ,20240301,EVENT,6.4621,False,0,0,False
301233.SZ,20240301,EVENT,21.3333,False,0,0,False
601089.SH,20240301,EVENT,6.2709,False,0,0,False
603626.SH,20240301,EVENT,7.5291,False,0,0,False
605300.SH,20240301,EVENT,4.7884,False,0,0,False
688056.SH,20240301,EVENT,10.5807,False,0,0,False
688058.SH,20240301,EVENT,11.7626,False,0,0,False
688079.SH,20240301,EVENT,5.883,False,0,0,False
688252.SH,20240301,EVENT,8.9111,False,0,0,False
688315.SH,20240301,EVENT,6.1865,False,0,0,False
688362.SH,20240301,EVENT,4.2913,False,0,0,False
688478.SH,20240301,EVENT,-0.5,False,0,0,False
002846.SZ,20240304,EVENT,15.8777,False,0,0,False
300538.SZ,20240304,EVENT,3.8013,False,0,0,False
301225.SZ,20240304,EVENT,2.3239,False,0,0,False
600212.SH,20240304,EVENT,6.1177,False,0,0,False
603222.SH,20240304,EVENT,5.234,False,0,0,False
688429.SH,20240304,EVENT,4.6685,False,0,0,False
300250.SZ,20240305,EVENT,0.5238,False,0,0,False
300825.SZ,20240305,EVENT,4.9274,False,0,0,False
301115.SZ,20240305,EVENT,2.7059,False,0,0,False
688426.SH,20240306,EVENT,3.6674,False,0,0,False
300881.SZ,20240307,EVENT,0.8668,False,0,0,False
688522.SH,20240307,EVENT,28.5373,False,0,0,False
605122.SH,20240311,EVENT,5.1876,False,0,0,False
688231.SH,20240321,EVENT,0.488,False,0,0,False
002760.SZ,20240301,EVENT,10.3669,False,0,0,False
003003.SZ,20240301,EVENT,13.313,False,0,0,False
300250.SZ,20240301,EVENT,2.0443,False,0,0,False
300447.SZ,20240301,EVENT,9.0987,False,0,0,False
300563.SZ,20240301,EVENT,13.7841,False,0,0,False
300884.SZ,20240301,EVENT,5.7137,False,0,0,False
301197.SZ,20240301,EVENT,9.8624,False,0,0,False
301323.SZ,20240301,EVENT,13.029,False,0,0,False
600543.SH,20240301,EVENT,12.4817,False,0,0,False
600843.SH,20240301,EVENT,33.5376,False,0,0,False
605018.SH,20240301,EVENT,9.4714,False,0,0,False
688217.SH,20240301,EVENT,6.5217,False,0,0,False
688603.SH,20240301,EVENT,-1.5692,False,0,0,False
688616.SH,20240301,EVENT,11.1147,False,0,0,False
002058.SZ,20240304,EVENT,0.7818,False,0,0,False
002162.SZ,20240304,EVENT,-0.5818,False,0,0,False
300214.SZ,20240304,EVENT,12.5565,False,0,0,False
300629.SZ,20240304,EVENT,8.1391,False,0,0,False
301228.SZ,20240304,EVENT,8.7277,False,0,0,False
301300.SZ,20240304,EVENT,12.6802,False,0,0,False
301335.SZ,20240304,EVENT,6.6944,False,0,0,False
603219.SH,20240304,EVENT,15.8664,False,0,0,False
603980.SH,20240304,EVENT,3.3618,False,0,0,False
688037.SH,20240304,EVENT,0.6184,False,0,0,False
688123.SH,20240304,EVENT,14.0077,False,0,0,False
688229.SH,20240304,EVENT,3.4602,False,0,0,False
300970.SZ,20240305,EVENT,9.4967,False,0,0,False
301009.SZ,20240305,EVENT,6.8719,False,0,0,False
301181.SZ,20240305,EVENT,9.7201,False,0,0,False
301197.SZ,20240305,EVENT,12.0026,False,0,0,False
301369.SZ,20240305,EVENT,10.5234,False,0,0,False
001296.SZ,20240306,EVENT,11.1376,False,0,0,False
600173.SH,20240306,EVENT,11.7916,False,0,0,False
688120.SH,20240306,EVENT,-1.0301,False,0,0,False
688558.SH,20240306,EVENT,3.1292,False,0,0,False
002846.SZ,20240307,EVENT,25.3099,False,0,0,False
301125.SZ,20240307,EVENT,2.1432,False,0,0,False
603818.SH,20240307,EVENT,-2.1911,False,0,0,False
688291.SH,20240307,EVENT,8.4704,False,0,0,False
001255.SZ,20240308,EVENT,1.7471,False,0,0,False
002769.SZ,20240308,EVENT,11.4043,False,0,0,False
003017.SZ,20240308,EVENT,8.7436,False,0,0,False
300819.SZ,20240308,EVENT,8.7034,False,0,0,False
603116.SH,20240308,EVENT,5.0835,False,0,0,False
003004.SZ,20240311,EVENT,14.7783,False,0,0,False
300970.SZ,20240311,EVENT,6.4711,False,0,0,False
603811.SH,20240311,EVENT,-1.5284,False,0,0,False
002820.SZ,20240312,EVENT,3.7275,False,0,0,False
688433.SH,20240313,EVENT,27.3555,False,0,0,False
688173.SH,20240315,EVENT,-3.427,False,0,0,False
002811.SZ,20240301,EVENT,18.7486,False,0,0,False
300605.SZ,20240301,EVENT,9.6561,False,0,0,False
300686.SZ,20240301,EVENT,24.0795,False,0,0,False
300691.SZ,20240301,EVENT,5.783,False,0,0,False
300902.SZ,20240301,EVENT,9.4546,False,0,0,False
301486.SZ,20240301,EVENT,16.3549,False,0,0,False
600067.SH,20240301,EVENT,2.9324,False,0,0,False
600080.SH,20240301,EVENT,-2.1082,False,0,0,False
600183.SH,20240301,EVENT,0.5686,False,0,0,False
603217.SH,20240301,EVENT,6.7864,False,0,0,False
603321.SH,20240301,EVENT,8.5213,False,0,0,False
688123.SH,20240301,EVENT,21.0033,False,0,0,False
688528.SH,20240301,EVENT,14.3556,False,0,0,False
001222.SZ,20240304,EVENT,3.9574,False,0,0,False
001259.SZ,20240304,EVENT,-7.9951,False,0,0,False
002452.SZ,20240304,EVENT,10.9025,False,0,0,False
002821.SZ,20240304,EVENT,-4.6211,False,0,0,False
300132.SZ,20240304,EVENT,7.223,False,0,0,False
300259.SZ,20240304,EVENT,5.3973,False,0,0,False
300658.SZ,20240304,EVENT,7.6347,False,0,0,False
300836.SZ,20240304,EVENT,20.191,False,0,0,False
300877.SZ,20240304,EVENT,12.0064,False,0,0,False
301115.SZ,20240304,EVENT,3.0308,False,0,0,False
301156.SZ,20240304,EVENT,11.599,False,0,0,False
301176.SZ,20240304,EVENT,9.4159,False,0,0,False
301190.SZ,20240304,EVENT,5.8067,False,0,0,False
301321.SZ,20240304,EVENT,5.0753,False,0,0,False
600080.SH,20240304,EVENT,-0.3648,False,0,0,False
600543.SH,20240304,EVENT,13.0732,False,0,0,False
603116.SH,20240304,EVENT,8.3871,False,0,0,False
603321.SH,20240304,EVENT,8.9189,False,0,0,False
603726.SH,20240304,EVENT,6.4765,False,0,0,False
603879.SH,20240304,EVENT,41.9374,False,0,0,False
605388.SH,20240304,EVENT,4.8757,False,0,0,False
688129.SH,20240304,EVENT,8.7325,False,0,0,False
688420.SH,20240304,EVENT,2.8441,False,0,0,False
688519.SH,20240304,EVENT,24.6398,False,0,0,False
300132.SZ,20240305,EVENT,10.7157,False,0,0,False
300005.SZ,20240306,EVENT,13.1121,False,0,0,False
688455.SH,20240306,EVENT,7.7009,False,0,0,False
301130.SZ,20240307,EVENT,7.4225,False,0,0,False
603655.SH,20240307,EVENT,11.8046,False,0,0,False
002820.SZ,20240311,EVENT,8.3951,False,0,0,False
601089.SH,20240311,EVENT,1.9973,False,0,0,False
688528.SH,20240311,EVENT,6.0609,False,0,0,False
001231.SZ,20240312,EVENT,5.2152,False,0,0,False
300885.SZ,20240312,EVENT,-3.1571,False,0,0,False
301126.SZ,20240312,EVENT,2.7391,False,0,0,False
301148.SZ,20240312,EVENT,11.7574,False,0,0,False
301313.SZ,20240320,EVENT,0.4828,False,0,0,False
300819.SZ,20240325,EVENT,5.0346,False,0,0,False
688515.SH,20240328,EVENT,-17.5801,False,0,0,False
301166.SZ,20240329,EVENT,-3.365,False,0,0,False
600160_SH.SH,20240301,CONT,3.1197,,,,
601666_SH.SH,20240304,CONT,-17.5077,,,,
600707_SH.SH,20240311,CONT,-1.3236,,,,
605196_SH.SH,20240314,CONT,14.3829,,,,
300274_SZ.SZ,20240318,CONT,4.068,,,,
600233_SH.SH,20240321,CONT,2.9572,,,,
002496_SZ.SZ,20240329,CONT,0.6889,,,,
603219.SH,20240301,EVENT,24.3229,False,0,0,False
300124.SZ,20240304,EVENT,1.7638,True,1,0,False
688072.SH,20240322,EVENT,-1.544,False,0,0,False
601689.SH,20240325,EVENT,0.396,False,0,0,False
688282.SH,20240325,EVENT,-17.5726,False,0,0,False
688165.SH,20240329,EVENT,-17.8902,False,0,0,False
301041.SZ,20240412,EVENT,-3.2129,False,0,0,False
688433.SH,20240415,EVENT,-4.8695,False,0,0,False
002726.SZ,20240417,EVENT,-6.553,False,0,0,False
300759.SZ,20240430,EVENT,11.9649,False,0,0,False
688550.SH,20240408,EVENT,-2.9917,False,0,0,False
301156.SZ,20240410,EVENT,-14.4973,False,0,0,False
001209.SZ,20240412,EVENT,-4.5809,False,0,0,False
600400.SH,20240417,EVENT,11.4839,False,0,0,False
301429.SZ,20240419,EVENT,2.3244,False,0,0,False
300470.SZ,20240426,EVENT,3.8176,False,0,0,False
688580.SH,20240430,EVENT,0.9471,False,0,0,False
002782.SZ,20240408,EVENT,-5.3465,False,0,0,False
301246.SZ,20240409,EVENT,-4.2764,False,0,0,False
300875.SZ,20240410,EVENT,-9.8062,False,0,0,False
301533.SZ,20240410,EVENT,3.0914,False,0,0,False
688472.SH,20240410,EVENT,-1.4617,False,0,0,False
301227.SZ,20240411,EVENT,-9.0657,False,0,0,False
603980.SH,20240411,EVENT,-0.1829,False,0,0,False
300481.SZ,20240412,EVENT,7.172,False,0,0,False
300801.SZ,20240416,EVENT,-6.1549,False,0,0,False
000795.SZ,20240418,EVENT,6.3858,False,0,0,False
301130.SZ,20240418,EVENT,6.7722,False,0,0,False
301335.SZ,20240418,EVENT,-4.8306,False,0,0,False
603755.SH,20240418,EVENT,10.7912,False,0,0,False
301263.SZ,20240424,EVENT,3.2607,False,0,0,False
300102.SZ,20240425,EVENT,-0.3998,False,0,0,False
301171.SZ,20240426,EVENT,1.0451,False,0,0,False
300158.SZ,20240430,EVENT,2.8127,False,0,0,False
000960_SZ.SZ,20240416,CONT,-5.9714,,,,
000425_SZ.SZ,20240418,CONT,0.6075,,,,
603233.SH,20240403,EVENT,-0.9661,False,0,0,False
688183.SH,20240403,EVENT,2.6642,False,0,0,False
301021.SZ,20240408,EVENT,-9.3871,False,0,0,False
301095.SZ,20240412,EVENT,-3.4157,False,0,0,False
002932.SZ,20240418,EVENT,4.3182,False,0,0,False
688371.SH,20240418,EVENT,-2.9182,False,0,0,False
300080.SZ,20240430,EVENT,-5.0194,False,0,0,False
300786.SZ,20240430,EVENT,1.4576,False,0,0,False
002426.SZ,20240507,EVENT,2.3564,False,0,0,False
688202.SH,20240509,EVENT,-19.3939,False,0,0,False
688502.SH,20240516,EVENT,2.6965,False,0,0,False
600666.SH,20240524,EVENT,-6.1923,False,0,0,False
000757.SZ,20240506,EVENT,-3.424,False,0,0,False
002602.SZ,20240506,EVENT,-14.9458,False,0,0,False
600530.SH,20240520,EVENT,5.1973,False,0,0,False
301428.SZ,20240530,EVENT,4.4456,False,0,0,False
002583.SZ,20240506,EVENT,-1.3239,False,0,0,False
300700.SZ,20240506,EVENT,0.1166,False,0,0,False
001267.SZ,20240508,EVENT,8.6069,False,0,0,False
300138.SZ,20240510,EVENT,-9.5868,False,0,0,False
300759.SZ,20240510,EVENT,0.6372,False,0,0,False
688084.SH,20240517,EVENT,19.6201,False,0,0,False
002289.SZ,20240520,EVENT,0.6579,False,0,0,False
300143.SZ,20240506,EVENT,0.4139,False,0,0,False
300335.SZ,20240507,EVENT,7.4642,False,0,0,False
301313.SZ,20240508,EVENT,-0.1965,False,0,0,False
600778.SH,20240508,EVENT,-0.9529,False,0,0,False
688184.SH,20240508,EVENT,-0.1891,False,0,0,False
600337.SH,20240509,EVENT,-4.7052,False,0,0,False
000989.SZ,20240510,EVENT,-9.7704,False,0,0,False
688677.SH,20240510,EVENT,-9.8115,False,0,0,False
688677.SH,20240516,EVENT,-4.3788,False,0,0,False
600183_SH.SH,20240513,CONT,3.1803,,,,
300910_SZ.SZ,20240514,CONT,-6.9431,,,,
601113_SH.SH,20240514,CONT,-8.513,,,,
300702_SZ.SZ,20240515,CONT,-6.9211,,,,
002155_SZ.SZ,20240516,CONT,8.2538,,,,
002481_SZ.SZ,20240516,CONT,-8.3836,,,,
603228_SH.SH,20240516,CONT,-3.3622,,,,
000791_SZ.SZ,20240520,CONT,-8.8402,,,,
002569_SZ.SZ,20240520,CONT,-3.7294,,,,
603320_SH.SH,20240520,CONT,-2.1048,,,,
603507_SH.SH,20240520,CONT,0.9066,,,,
601825_SH.SH,20240522,CONT,-11.4053,,,,
000607.SZ,20240507,EVENT,-3.6919,False,0,0,False
002488.SZ,20240507,EVENT,-5.8091,False,0,0,False
300575.SZ,20240507,EVENT,1.8669,True,1,0,False
300821.SZ,20240507,EVENT,1.4726,False,0,0,False
003016.SZ,20240508,EVENT,4.1841,False,0,0,False
301037.SZ,20240508,EVENT,-0.1372,False,0,0,False
600180.SH,20240508,EVENT,0.3775,False,0,0,False
688420.SH,20240508,EVENT,-3.3257,False,0,0,False
300903.SZ,20240509,EVENT,4.3457,False,0,0,False
301057.SZ,20240509,EVENT,0.7247,False,0,0,False
603153.SH,20240509,EVENT,-7.8974,False,0,0,False
301313.SZ,20240506,EVENT,0.403,False,0,0,False
600703.SH,20240507,EVENT,-0.4045,False,0,0,False
002426.SZ,20240510,EVENT,1.3093,False,0,0,False
601929.SH,20240606,EVENT,-12.5406,False,0,0,False
605338.SH,20240617,EVENT,-9.6896,False,0,0,False
600653.SH,20240603,EVENT,4.6576,False,0,0,False
301169.SZ,20240605,EVENT,-2.8396,False,0,0,False
002445.SZ,20240613,EVENT,-1.0907,False,0,0,False
605151.SH,20240613,EVENT,-3.574,False,0,0,False
600022.SH,20240617,EVENT,0.2857,False,0,0,False
002702.SZ,20240620,EVENT,-3.5921,False,0,0,False
688455.SH,20240620,EVENT,-3.8374,False,0,0,False
300019.SZ,20240621,EVENT,-7.8939,False,0,0,False
600234.SH,20240613,EVENT,0.2997,False,0,0,False
002105.SZ,20240617,EVENT,4.133,False,0,0,False
600307.SH,20240617,EVENT,-0.2113,False,0,0,False
601005.SH,20240617,EVENT,-4.535,False,0,0,False
603333.SH,20240619,EVENT,-7.6647,False,0,0,False
002271.SZ,20240603,EVENT,-8.4132,False,0,0,False
688591.SH,20240606,EVENT,8.345,False,0,0,False
002367.SZ,20240614,EVENT,-2.7998,False,0,0,False
688737.SH,20240614,EVENT,-8.0519,False,0,0,False
600130.SH,20240617,EVENT,-0.086,False,0,0,False
688576.SH,20240619,EVENT,-5.9309,False,0,0,False
002203.SZ,20240620,EVENT,-5.2922,False,0,0,False
301115.SZ,20240604,EVENT,-2.738,False,0,0,False
600576.SH,20240605,EVENT,-2.3336,False,0,0,False
002132.SZ,20240614,EVENT,-3.0244,False,0,0,False
301207.SZ,20240614,EVENT,-5.6631,False,0,0,False
600699.SH,20240614,EVENT,0.4238,False,0,0,False
601880.SH,20240614,EVENT,-1.4729,False,0,0,False
300597.SZ,20240617,EVENT,10.8356,False,0,0,False
688455.SH,20240617,EVENT,1.1136,False,0,0,False
000672.SZ,20240619,EVENT,1.2249,False,0,0,False
002132.SZ,20240619,EVENT,-6.6096,False,0,0,False
688236.SH,20240619,EVENT,-1.4751,False,0,0,False
000510.SZ,20240620,EVENT,0.0041,False,0,0,False
000672.SZ,20240620,EVENT,2.0385,False,0,0,False
603153.SH,20240620,EVENT,-6.183,False,0,0,False
603863.SH,20240620,EVENT,4.4413,False,0,0,False
688232.SH,20240620,EVENT,-4.4588,False,0,0,False
600992_SH.SH,20240617,CONT,-3.9661,,,,
301248.SZ,20240606,EVENT,-3.1481,False,0,0,False
002932.SZ,20240611,EVENT,-2.6753,False,0,0,False
002570.SZ,20240614,EVENT,-6.2309,False,0,0,False
000882.SZ,20240617,EVENT,-9.5978,False,0,0,False
300841.SZ,20240618,EVENT,-3.427,True,0,1,False
000795.SZ,20240619,EVENT,-4.7738,False,0,0,False
002700_SZ.SZ,20240701,CONT,14.6357,,,,
002700_SZ.SZ,20240708,CONT,23.7079,,,,
002255.SZ,20240816,EVENT,-3.1704,False,0,0,False
688211.SH,20240808,EVENT,-4.019,False,0,0,False
000981.SZ,20240805,EVENT,-15.8356,False,0,0,False
002706.SZ,20240805,EVENT,-1.82,False,0,0,False
600955.SH,20240807,EVENT,-4.5581,False,0,0,False
688067.SH,20240807,EVENT,-6.0515,False,0,0,False
300770.SZ,20240808,EVENT,0.6872,False,0,0,False
000538.SZ,20240809,EVENT,2.2671,False,0,0,False
002996.SZ,20240809,EVENT,-5.6483,False,0,0,False
600256.SH,20240812,EVENT,4.0851,False,0,0,False
601966.SH,20240812,EVENT,-5.7839,False,0,0,False
001330.SZ,20240830,EVENT,-0.5997,False,0,0,False
301035.SZ,20240807,EVENT,-7.0512,False,0,0,False
688371.SH,20240807,EVENT,7.093,False,0,0,False
002706.SZ,20240808,EVENT,-6.0845,False,0,0,False
002870.SZ,20240809,EVENT,2.5439,False,0,0,False
600256.SH,20240809,EVENT,0.5542,False,0,0,False
688371.SH,20240809,EVENT,0.7303,False,0,0,False
002455.SZ,20240812,EVENT,-4.0221,False,0,0,False
300432.SZ,20240813,EVENT,1.4077,False,0,0,False
688475.SH,20240814,EVENT,-2.0543,False,0,0,False
688310.SH,20240816,EVENT,1.087,False,0,0,False
605056.SH,20240822,EVENT,7.9197,False,0,0,False
002493.SZ,20240823,EVENT,-1.3514,False,0,0,False
603815.SH,20240826,EVENT,7.2137,False,0,0,False
688080.SH,20240826,EVENT,1.4011,False,0,0,False
300982.SZ,20240805,EVENT,0.3629,True,0,1,False
688499.SH,20240805,EVENT,-8.1738,False,0,0,False
300376.SZ,20240807,EVENT,-14.389,False,0,0,False
688610.SH,20240807,EVENT,-4.9406,False,0,0,False
603033.SH,20240808,EVENT,-2.5647,False,0,0,False
688400.SH,20240808,EVENT,-0.246,False,0,0,False
688598.SH,20240808,EVENT,-11.2468,False,0,0,False
002440.SZ,20240809,EVENT,-3.5792,False,0,0,False
300687.SZ,20240809,EVENT,-2.0362,False,0,0,False
301260.SZ,20240809,EVENT,-4.1657,True,0,1,False
688707.SH,20240809,EVENT,-1.7012,False,0,0,False
300071.SZ,20240812,EVENT,5.5367,False,0,0,False
601969.SH,20240812,EVENT,-4.1915,False,0,0,False
688598.SH,20240812,EVENT,-3.1823,False,0,0,False
600653.SH,20240814,EVENT,-7.5453,False,0,0,False
300481.SZ,20240815,EVENT,-2.7073,False,0,0,False
300820.SZ,20240816,EVENT,0.9703,False,0,0,False
688496.SH,20240816,EVENT,-9.0387,False,0,0,False
688426.SH,20240819,EVENT,-5.8251,False,0,0,False
301093.SZ,20240820,EVENT,7.4717,False,0,0,False
002955.SZ,20240805,EVENT,10.2047,False,0,0,False
605168.SH,20240805,EVENT,-0.1237,False,0,0,False
003023.SZ,20240807,EVENT,-0.4134,False,0,0,False
301260.SZ,20240807,EVENT,-4.4043,False,0,0,False
600810.SH,20240807,EVENT,-1.7589,False,0,0,False
688078.SH,20240807,EVENT,1.8016,False,0,0,False
002058.SZ,20240808,EVENT,-5.3696,False,0,0,False
300801.SZ,20240808,EVENT,-6.1345,False,0,0,False
300376.SZ,20240812,EVENT,-3.2884,False,0,0,False
301115.SZ,20240812,EVENT,8.637,False,0,0,False
603201.SH,20240812,EVENT,-4.7656,False,0,0,False
002219.SZ,20240821,EVENT,1.1811,False,0,0,False
603566.SH,20240821,EVENT,-3.0096,False,0,0,False
600143.SH,20240822,EVENT,2.2217,False,0,0,False
603312.SH,20240826,EVENT,8.9924,False,0,0,False
301529.SZ,20240830,EVENT,8.5205,False,0,0,False
000908_SZ.SZ,20240815,CONT,62.6906,,,,
000878.SZ,20240807,EVENT,-1.4033,False,0,0,False
688163.SH,20240819,EVENT,3.5109,False,0,0,False
688089.SH,20240822,EVENT,0.6818,False,0,0,False
300627.SZ,20240830,EVENT,5.9623,False,0,0,False
300801.SZ,20240830,EVENT,-4.4455,False,0,0,False
002627.SZ,20240812,EVENT,-2.029,False,0,0,False
600679.SH,20240812,EVENT,-6.7308,False,0,0,False
600382.SH,20240905,EVENT,3.784,False,0,0,False
300073.SZ,20240902,EVENT,4.5596,False,0,0,False
002706.SZ,20240905,EVENT,5.9111,False,0,0,False
002758.SZ,20240925,EVENT,4.2006,False,0,0,False
301303.SZ,20240926,EVENT,2.9074,False,0,0,False
601678.SH,20240925,EVENT,1.4093,False,0,0,False
688686.SH,20240925,EVENT,15.2546,False,0,0,False
605266.SH,20240904,EVENT,15.4097,False,0,0,False
688768.SH,20240906,EVENT,2.9221,False,0,0,False
002706.SZ,20240909,EVENT,11.4145,False,0,0,False
601969.SH,20240909,EVENT,9.1517,False,0,0,False
603918.SH,20240909,EVENT,0.3903,False,0,0,False
002758.SZ,20240923,EVENT,8.1194,False,0,0,False
600873.SH,20240925,EVENT,12.3754,False,0,0,False
688448.SH,20240926,EVENT,10.7654,False,0,0,False
688612.SH,20240926,EVENT,19.2173,False,0,0,False
002443.SZ,20240902,EVENT,0.2029,False,0,0,False
002014.SZ,20240904,EVENT,-1.5753,False,0,0,False
002458.SZ,20240904,EVENT,-2.8145,False,0,0,False
603300.SH,20240904,EVENT,-4.8901,False,0,0,False
688719.SH,20240904,EVENT,-5.2511,False,0,0,False
600588.SH,20240906,EVENT,0.4997,False,0,0,False
603008.SH,20240906,EVENT,6.3068,False,0,0,False
603087.SH,20240909,EVENT,-3.683,True,0,1,False
688017.SH,20240909,EVENT,-6.3434,False,0,0,False
300073.SZ,20240911,EVENT,0.0015,False,0,0,False
301047.SZ,20240911,EVENT,18.6695,False,0,0,False
605009.SH,20240911,EVENT,14.4274,False,0,0,False
002706.SZ,20240912,EVENT,6.781,False,0,0,False
002901.SZ,20240912,EVENT,-0.1578,False,0,0,False
688153.SH,20240912,EVENT,-3.4932,False,0,0,False
301115.SZ,20240919,EVENT,16.0529,False,0,0,False
002702.SZ,20240923,EVENT,2.4845,False,0,0,False
688172.SH,20240923,EVENT,8.959,False,0,0,False
600380.SH,20240925,EVENT,5.3841,False,0,0,False
600497.SH,20240925,EVENT,4.4021,False,0,0,False
603173.SH,20240925,EVENT,1.5293,False,0,0,False
688419.SH,20240925,EVENT,13.5469,False,0,0,False
300447.SZ,20240926,EVENT,22.4329,False,0,0,False
603365.SH,20240926,EVENT,20.4467,False,0,0,False
688573.SH,20240926,EVENT,19.0012,False,0,0,False
688496.SH,20240904,EVENT,-8.3409,False,0,0,False
301108.SZ,20240905,EVENT,-0.6357,False,0,0,False
301322.SZ,20240905,EVENT,1.1382,False,0,0,False
600867.SH,20240905,EVENT,-1.3977,False,0,0,False
301223.SZ,20240909,EVENT,5.8559,False,0,0,False
002132.SZ,20240910,EVENT,3.4215,True,1,0,False
300802.SZ,20240910,EVENT,-0.8303,False,0,0,False
000592.SZ,20240911,EVENT,5.5125,False,0,0,False
002443.SZ,20240911,EVENT,4.4552,False,0,0,False
002925.SZ,20240911,EVENT,0.2022,False,0,0,False
600060.SH,20240911,EVENT,0.3559,False,0,0,False
001203.SZ,20240912,EVENT,-1.0395,False,0,0,False
300736.SZ,20240919,EVENT,18.477,False,0,0,False
002353.SZ,20240920,EVENT,14.8403,False,0,0,False
300802.SZ,20240920,EVENT,9.1157,False,0,0,False
600507.SH,20240920,EVENT,13.1647,False,0,0,False
603365.SH,20240920,EVENT,22.3446,False,0,0,False
603182.SH,20240923,EVENT,2.246,True,1,0,False
600380.SH,20240904,EVENT,-3.3568,False,0,0,False
603282.SH,20240904,EVENT,9.4722,False,0,0,False
301093.SZ,20240905,EVENT,-1.2055,False,0,0,False
002458.SZ,20240906,EVENT,-4.6595,False,0,0,False
301223.SZ,20240906,EVENT,2.6504,False,0,0,False
600809.SH,20240912,EVENT,-4.1145,False,0,0,False
301107.SZ,20240924,EVENT,9.7304,False,0,0,False
603356.SH,20240926,EVENT,8.8357,False,0,0,False
600975.SH,20241010,EVENT,2.1715,False,0,0,False
002996.SZ,20241017,EVENT,15.6613,False,0,0,False
605296.SH,20241030,EVENT,-1.5553,False,0,0,False
601975.SH,20241015,EVENT,-0.5979,False,0,0,False
603173.SH,20241021,EVENT,24.1807,False,0,0,False
002993.SZ,20241030,EVENT,0.5854,False,0,0,False
601872.SH,20241021,EVENT,-6.0399,False,0,0,False
601872.SH,20241022,EVENT,-4.2764,False,0,0,False
603986.SH,20241022,EVENT,7.9918,False,0,0,False
600750.SH,20241023,EVENT,-3.5941,False,0,0,False
601985.SH,20241023,EVENT,-4.7589,False,0,0,False
000703.SZ,20241025,EVENT,1.3455,False,0,0,False
000683.SZ,20241014,EVENT,7.7509,False,0,0,False
601872.SH,20241015,EVENT,-9.5685,False,0,0,False
688443.SH,20241017,EVENT,17.4495,False,0,0,False
000157.SZ,20241021,EVENT,7.2997,False,0,0,False
002993.SZ,20241031,EVENT,10.68,False,0,0,False
002302_SZ.SZ,20241011,CONT,3.6571,,,,
600239_SH.SH,20241011,CONT,-2.3661,,,,
600322_SH.SH,20241011,CONT,0.8417,,,,
600397_SH.SH,20241011,CONT,3.6627,,,,
600835_SH.SH,20241011,CONT,21.0604,,,,
002058_SZ.SZ,20241014,CONT,52.0751,,,,
301165_SZ.SZ,20241014,CONT,12.8121,,,,
600281_SH.SH,20241014,CONT,12.3683,,,,
002178_SZ.SZ,20241015,CONT,27.9184,,,,
002512_SZ.SZ,20241015,CONT,1.2706,,,,
002755_SZ.SZ,20241015,CONT,3.152,,,,
300036_SZ.SZ,20241015,CONT,-4.2573,,,,
300188_SZ.SZ,20241015,CONT,5.4081,,,,
600602_SH.SH,20241015,CONT,-2.5839,,,,
600877_SH.SH,20241015,CONT,7.8692,,,,
603106_SH.SH,20241015,CONT,48.5342,,,,
688038_SH.SH,20241015,CONT,-1.5015,,,,
688049_SH.SH,20241015,CONT,7.8234,,,,
688369_SH.SH,20241015,CONT,1.5991,,,,
688376_SH.SH,20241015,CONT,-4.9163,,,,
600079_SH.SH,20241017,CONT,2.0167,,,,
600828_SH.SH,20241017,CONT,5.7801,,,,
000510_SZ.SZ,20241021,CONT,2.55,,,,
000672_SZ.SZ,20241022,CONT,6.816,,,,
301317_SZ.SZ,20241025,CONT,-0.4803,,,,
002430_SZ.SZ,20241029,CONT,6.9786,,,,
603019_SH.SH,20241030,CONT,38.867,,,,
002612_SZ.SZ,20241031,CONT,-0.2625,,,,
002318.SZ,20241016,EVENT,4.4552,False,0,0,False
301227.SZ,20241017,EVENT,-2.838,False,0,0,False
600497.SH,20241021,EVENT,13.0287,False,0,0,False
601975.SH,20241028,EVENT,-0.2208,False,0,0,False
688392.SH,20241016,EVENT,21.0504,False,0,0,False
001289.SZ,20241101,EVENT,-0.0646,False,0,0,False
688443.SH,20241121,EVENT,-7.5499,False,0,0,False
603500.SH,20241101,EVENT,12.3776,False,0,0,False
601666.SH,20241114,EVENT,0.0872,False,0,0,False
300639.SZ,20241118,EVENT,6.5372,False,0,0,False
600416_SH.SH,20241101,CONT,-5.1863,,,,
000096_SZ.SZ,20241104,CONT,3.2628,,,,
000716_SZ.SZ,20241104,CONT,14.7105,,,,
600458_SH.SH,20241104,CONT,2.1271,,,,
000070_SZ.SZ,20241105,CONT,0.8753,,,,
002808_SZ.SZ,20241105,CONT,25.2545,,,,
002988_SZ.SZ,20241105,CONT,-1.9638,,,,
600234_SH.SH,20241105,CONT,12.5451,,,,
688616_SH.SH,20241105,CONT,3.8,,,,
600624_SH.SH,20241106,CONT,-6.1524,,,,
002517_SZ.SZ,20241107,CONT,1.4478,,,,
002351_SZ.SZ,20241112,CONT,-4.9436,,,,
688320_SH.SH,20241114,CONT,2.4452,,,,
002310_SZ.SZ,20241115,CONT,-8.842,,,,
601789_SH.SH,20241115,CONT,-1.3062,,,,
000815_SZ.SZ,20241120,CONT,-0.2855,,,,
603325_SH.SH,20241120,CONT,-0.5716,,,,
301268_SZ.SZ,20241126,CONT,-10.3333,,,,
002927_SZ.SZ,20241128,CONT,-2.5471,,,,
300235_SZ.SZ,20241128,CONT,-1.8583,,,,
300805_SZ.SZ,20241128,CONT,-0.2,,,,
001376.SZ,20241202,EVENT,3.919,False,0,0,False
002122_SZ.SZ,20241206,CONT,44.4194,,,,
002052_SZ.SZ,20241209,CONT,0.1257,,,,
002860_SZ.SZ,20241213,CONT,-10.6318,,,,
001313_SZ.SZ,20241217,CONT,-3.1967,,,,
300809_SZ.SZ,20241219,CONT,-14.9894,,,,
603610_SH.SH,20241219,CONT,-11.0941,,,,
603390_SH.SH,20241226,CONT,-26.7132,,,,
002791.SZ,20250120,EVENT,3.974,False,0,0,False
688659.SH,20250122,EVENT,8.799,False,0,0,False
300457.SZ,20250124,EVENT,11.53,False,0,0,False
300250.SZ,20250115,EVENT,23.9321,False,0,0,False
601678.SH,20250117,EVENT,1.718,False,0,0,False
688100.SH,20250117,EVENT,7.7157,False,0,0,False
002439.SZ,20250124,EVENT,17.1443,False,0,0,False
688100.SH,20250116,EVENT,7.0821,False,0,0,False
301391.SZ,20250121,EVENT,9.1833,False,0,0,False
300095.SZ,20250122,EVENT,5.358,False,0,0,False
301468.SZ,20250122,EVENT,1.1432,False,0,0,False
688326.SH,20250122,EVENT,24.6478,False,0,0,False
603858.SH,20250123,EVENT,-2.5498,False,0,0,False
688573.SH,20250123,EVENT,6.6081,False,0,0,False
600196.SH,20250124,EVENT,6.1746,False,0,0,False
003004.SZ,20250127,EVENT,4.6046,False,0,0,False
600881.SH,20250102,EVENT,1.4198,False,0,0,False
301176.SZ,20250109,EVENT,2.8929,False,0,0,False
688212.SH,20250110,EVENT,4.3183,False,0,0,False
301227.SZ,20250114,EVENT,10.7373,False,0,0,False
301290.SZ,20250114,EVENT,7.2098,False,0,0,False
002252.SZ,20250115,EVENT,3.5473,False,0,0,False
688310.SH,20250115,EVENT,2.4017,False,0,0,False
301391.SZ,20250116,EVENT,12.0466,False,0,0,False
603799.SH,20250117,EVENT,0.4971,False,0,0,False
688061.SH,20250117,EVENT,18.673,False,0,0,False
000513.SZ,20250120,EVENT,-1.0534,False,0,0,False
002340.SZ,20250122,EVENT,2.4117,False,0,0,False
600059.SH,20250122,EVENT,1.4731,False,0,0,False
600639.SH,20250122,EVENT,1.2073,False,0,0,False
605266.SH,20250122,EVENT,5.2975,False,0,0,False
000932.SZ,20250123,EVENT,9.7536,False,0,0,False
688659.SH,20250124,EVENT,4.7136,False,0,0,False
688061.SH,20250127,EVENT,13.1334,False,0,0,False
000534_SZ.SZ,20250123,CONT,-5.476,,,,
002252.SZ,20250114,EVENT,5.2945,False,0,0,False
600380.SH,20250116,EVENT,-1.1697,False,0,0,False
688326.SH,20250116,EVENT,28.9273,False,0,0,False
000513.SZ,20250122,EVENT,0.2254,False,0,0,False
601666.SH,20250122,EVENT,1.4585,False,0,0,False
688184.SH,20250122,EVENT,0.2438,False,0,0,False
000513.SZ,20250123,EVENT,-1.4335,False,0,0,False
000513.SZ,20250124,EVENT,-1.1746,False,0,0,False
300095.SZ,20250124,EVENT,6.7496,False,0,0,False
601966.SH,20250124,EVENT,-0.0107,False,0,0,False
688381.SH,20250124,EVENT,6.3703,False,0,0,False
000513.SZ,20250127,EVENT,0.0096,False,0,0,False
688238.SH,20250127,EVENT,11.4689,False,0,0,False
002368.SZ,20250213,EVENT,0.0606,False,0,0,False
002386.SZ,20250212,EVENT,-1.7485,False,0,0,False
301589.SZ,20250214,EVENT,0.0867,False,0,0,False
603978.SH,20250220,EVENT,11.122,False,0,0,False
605296.SH,20250221,EVENT,-0.1705,False,0,0,False
688238.SH,20250224,EVENT,-5.1077,False,0,0,False
300146.SZ,20250207,EVENT,2.4199,False,0,0,False
002840.SZ,20250210,EVENT,-0.9338,False,0,0,False
300347.SZ,20250212,EVENT,7.5005,False,0,0,False
002727.SZ,20250213,EVENT,1.2492,False,0,0,False
600821.SH,20250213,EVENT,5.0965,False,0,0,False
688338.SH,20250214,EVENT,3.2015,False,0,0,False
603069.SH,20250224,EVENT,1.0748,False,0,0,False
688560.SH,20250224,EVENT,6.2732,False,0,0,False
300686.SZ,20250206,EVENT,5.4975,False,0,0,False
688600.SH,20250207,EVENT,0.3494,False,0,0,False
000932.SZ,20250220,EVENT,3.5922,False,0,0,False
600611.SH,20250220,EVENT,-3.8119,False,0,0,False
603658.SH,20250224,EVENT,-3.3261,False,0,0,False
601869_SH.SH,20250207,CONT,1.5136,,,,
002656_SZ.SZ,20250213,CONT,1.1636,,,,
601689_SH.SH,20250213,CONT,-4.0041,,,,
600633_SH.SH,20250217,CONT,-19.27,,,,
300115_SZ.SZ,20250218,CONT,17.8851,,,,
301252_SZ.SZ,20250218,CONT,1.8602,,,,
688665_SH.SH,20250218,CONT,-10.6356,,,,
603666_SH.SH,20250219,CONT,13.407,,,,
001339_SZ.SZ,20250224,CONT,9.3192,,,,
603360_SH.SH,20250224,CONT,7.3423,,,,
301280_SZ.SZ,20250226,CONT,29.6207,,,,
603895_SH.SH,20250226,CONT,5.2965,,,,
688678_SH.SH,20250227,CONT,15.0118,,,,
603070_SH.SH,20250228,CONT,-4.2,,,,
301227.SZ,20250205,EVENT,1.4474,False,0,0,False
000513.SZ,20250206,EVENT,-0.4438,False,0,0,False
000513.SZ,20250207,EVENT,-5.1349,False,0,0,False
603027.SH,20250207,EVENT,-0.9831,False,0,0,False
000513.SZ,20250210,EVENT,-2.9792,False,0,0,False
000513.SZ,20250212,EVENT,-0.5807,False,0,0,False
300967.SZ,20250220,EVENT,5.0081,False,0,0,False
600075.SH,20250221,EVENT,-3.4878,False,0,0,False
301515.SZ,20250227,EVENT,1.5492,False,0,0,False
688317.SH,20250227,EVENT,0.9154,False,0,0,False
301391.SZ,20250221,EVENT,0.3237,False,0,0,False
000651.SZ,20250305,EVENT,1.9439,False,0,0,False
300457.SZ,20250304,EVENT,-0.7707,False,0,0,False
300371.SZ,20250306,EVENT,-0.6922,False,0,0,False
002203.SZ,20250307,EVENT,-1.4308,False,0,0,False
001286.SZ,20250313,EVENT,2.0759,False,0,0,False
603558.SH,20250326,EVENT,-8.8976,False,0,0,False
002432.SZ,20250328,EVENT,-0.1933,False,0,0,False
300749.SZ,20250305,EVENT,0.2016,False,0,0,False
000709.SZ,20250320,EVENT,0.8363,False,0,0,False
301589.SZ,20250303,EVENT,1.0286,False,0,0,False
002252.SZ,20250305,EVENT,4.0469,False,0,0,False
600603.SH,20250305,EVENT,-1.9765,False,0,0,False
300861.SZ,20250311,EVENT,-7.138,False,0,0,False
002145.SZ,20250314,EVENT,3.7457,False,0,0,False
300749.SZ,20250314,EVENT,0.5507,False,0,0,False
002145.SZ,20250321,EVENT,5.9623,False,0,0,False
301507.SZ,20250324,EVENT,-0.717,False,0,0,False
002245_SZ.SZ,20250304,CONT,2.1873,,,,
003019_SZ.SZ,20250304,CONT,18.548,,,,
002580_SZ.SZ,20250305,CONT,19.4159,,,,
605100_SH.SH,20250305,CONT,11.0112,,,,
603067_SH.SH,20250311,CONT,10.2309,,,,
002283_SZ.SZ,20250312,CONT,-6.216,,,,
600595_SH.SH,20250312,CONT,-3.4138,,,,
603615_SH.SH,20250317,CONT,-15.3288,,,,
300402_SZ.SZ,20250321,CONT,-28.6137,,,,
688359_SH.SH,20250326,CONT,-22.2777,,,,
603579_SH.SH,20250327,CONT,-1.0075,,,,
001228.SZ,20250306,EVENT,2.8822,False,0,0,False
000922.SZ,20250307,EVENT,5.6382,False,0,0,False
000912.SZ,20250312,EVENT,4.6069,False,0,0,False
000958.SZ,20250313,EVENT,-1.7838,False,0,0,False
688317.SH,20250313,EVENT,-0.5465,False,0,0,False
301395.SZ,20250326,EVENT,3.9748,False,0,0,False
000929.SZ,20250328,EVENT,-11.1801,False,0,0,False
603759.SH,20250328,EVENT,-5.853,False,0,0,False
003027.SZ,20250317,EVENT,0.9211,False,0,0,False
002365_SZ.SZ,20250409,CONT,10.4064,,,,
601086_SH.SH,20250417,CONT,10.2402,,,,
603326_SH.SH,20250418,CONT,5.0363,,,,
603057_SH.SH,20250421,CONT,-7.3675,,,,
301033_SZ.SZ,20250422,CONT,3.088,,,,
603590_SH.SH,20250422,CONT,0.2512,,,,
002743_SZ.SZ,20250429,CONT,0.8072,,,,
688501_SH.SH,20250429,CONT,13.5324,,,,
300802.SZ,20250402,EVENT,-9.9329,False,0,0,False
688093_SH.SH,20250507,CONT,-5.951,,,,
688112_SH.SH,20250507,CONT,-3.3276,,,,
002891_SZ.SZ,20250512,CONT,11.5261,,,,
002620_SZ.SZ,20250515,CONT,-8.8449,,,,
605016_SH.SH,20250515,CONT,6.8416,,,,
002052_SZ.SZ,20250516,CONT,1.3556,,,,
002956_SZ.SZ,20250516,CONT,-3.1642,,,,
002052_SZ.SZ,20250519,CONT,3.3599,,,,
600499_SH.SH,20250520,CONT,-0.4638,,,,
300069_SZ.SZ,20250527,CONT,-16.8596,,,,
603195.SH,20250611,EVENT,-3.8806,False,0,0,False
688352.SH,20250619,EVENT,-0.639,False,0,0,False
688352.SH,20250620,EVENT,1.4808,False,0,0,False
688303.SH,20250605,EVENT,1.1051,False,0,0,False
002919.SZ,20250612,EVENT,-2.9664,False,0,0,False
002992.SZ,20250613,EVENT,-0.8291,False,0,0,False
600756.SH,20250613,EVENT,-1.0674,False,0,0,False
000422.SZ,20250612,EVENT,-3.6192,False,0,0,False
002111.SZ,20250613,EVENT,4.9953,False,0,0,False
002023.SZ,20250619,EVENT,-2.3222,False,0,0,False
002262.SZ,20250619,EVENT,-0.8673,False,0,0,False
002061.SZ,20250620,EVENT,5.032,False,0,0,False
600330.SH,20250620,EVENT,4.2286,False,0,0,False
002192.SZ,20250623,EVENT,3.6801,False,0,0,False
601390.SH,20250625,EVENT,0.0578,False,0,0,False
002734_SZ.SZ,20250603,CONT,27.5617,,,,
002174_SZ.SZ,20250605,CONT,-9.4443,,,,
600521_SH.SH,20250609,CONT,3.3921,,,,
603879_SH.SH,20250609,CONT,-6.3633,,,,
600193_SH.SH,20250610,CONT,-2.9083,,,,
002565_SZ.SZ,20250617,CONT,13.6678,,,,
301345_SZ.SZ,20250620,CONT,43.1645,,,,
688658_SH.SH,20250623,CONT,21.6978,,,,
002309_SZ.SZ,20250624,CONT,8.5719,,,,
688183_SH.SH,20250625,CONT,1.4986,,,,
300548_SZ.SZ,20250626,CONT,18.9601,,,,
601598.SH,20250609,EVENT,-0.6416,False,0,0,False
603777.SH,20250609,EVENT,-13.3665,False,0,0,False
600022.SH,20250612,EVENT,-3.424,False,0,0,False
688084.SH,20250619,EVENT,3.4287,False,0,0,False
688298.SH,20250619,EVENT,6.0815,False,0,0,False
688739.SH,20250619,EVENT,2.8778,False,0,0,False
300218.SZ,20250623,EVENT,6.6877,False,0,0,False
688739.SH,20250623,EVENT,2.3636,False,0,0,False
000778.SZ,20250625,EVENT,2.4981,False,0,0,False
601011.SH,20250625,EVENT,3.5823,False,0,0,False
002716.SZ,20250626,EVENT,13.1501,False,0,0,False
603318.SH,20250626,EVENT,5.1566,False,0,0,False
002716.SZ,20250627,EVENT,12.2691,False,0,0,False
002049.SZ,20250701,EVENT,0.4093,False,0,0,False
000921.SZ,20250710,EVENT,2.8109,False,0,0,False
688788.SH,20250711,EVENT,12.7396,False,0,0,False
688352.SH,20250703,EVENT,2.7613,False,0,0,False
688521.SH,20250716,EVENT,0.8771,False,0,0,False
000521.SZ,20250717,EVENT,2.1321,False,0,0,False
002413_SZ.SZ,20250704,CONT,-12.0936,,,,
688518_SH.SH,20250704,CONT,-2.1858,,,,
001896_SZ.SZ,20250714,CONT,-14.8341,,,,
603127_SH.SH,20250716,CONT,31.8238,,,,
601869_SH.SH,20250718,CONT,16.7943,,,,
603083_SH.SH,20250718,CONT,-3.4724,,,,
300308_SZ.SZ,20250724,CONT,9.2976,,,,
002384_SZ.SZ,20250729,CONT,3.3283,,,,
688226_SH.SH,20250729,CONT,23.9755,,,,
603836.SH,20250717,EVENT,0.4208,False,0,0,False
688788.SH,20250724,EVENT,7.2203,False,0,0,False
300433.SZ,20250703,EVENT,1.8045,False,0,0,False
002327.SZ,20250804,EVENT,1.3809,False,0,0,False
002327.SZ,20250814,EVENT,0.0115,True,0,1,False
300096.SZ,20250819,EVENT,9.5979,False,0,0,False
600343_SH.SH,20250804,CONT,-2.1974,,,,
688156_SH.SH,20250804,CONT,-0.4761,,,,
688163_SH.SH,20250805,CONT,-1.8269,,,,
688265_SH.SH,20250805,CONT,41.216,,,,
300229_SZ.SZ,20250807,CONT,2.2231,,,,
300224_SZ.SZ,20250808,CONT,-4.8906,,,,
301268_SZ.SZ,20250811,CONT,-3.3139,,,,
603109_SH.SH,20250811,CONT,-4.8316,,,,
002148_SZ.SZ,20250812,CONT,2.1111,,,,
001277_SZ.SZ,20250814,CONT,-19.9775,,,,
000501_SZ.SZ,20250818,CONT,-12.6448,,,,
300855_SZ.SZ,20250818,CONT,-7.7048,,,,
688661_SH.SH,20250818,CONT,1.5822,,,,
601231_SH.SH,20250819,CONT,1.0892,,,,
688226_SH.SH,20250819,CONT,-14.8419,,,,
300809_SZ.SZ,20250820,CONT,-14.0701,,,,
600884_SH.SH,20250820,CONT,-3.1412,,,,
603893_SH.SH,20250821,CONT,0.696,,,,
002993_SZ.SZ,20250825,CONT,-13.2428,,,,
300274_SZ.SZ,20250825,CONT,37.8121,,,,
301057_SZ.SZ,20250825,CONT,9.8277,,,,
301526_SZ.SZ,20250825,CONT,11.8244,,,,
300004_SZ.SZ,20250826,CONT,-14.9107,,,,
301057_SZ.SZ,20250826,CONT,9.7279,,,,
300147_SZ.SZ,20250827,CONT,-5.6329,,,,
603021_SH.SH,20250827,CONT,7.3157,,,,
688260_SH.SH,20250827,CONT,-1.6071,,,,
000029_SZ.SZ,20250829,CONT,-2.2234,,,,
301448_SZ.SZ,20250829,CONT,50.7873,,,,
600107_SH.SH,20250829,CONT,17.9979,,,,
600487_SH.SH,20250829,CONT,-1.2728,,,,
605288_SH.SH,20250829,CONT,35.4265,,,,
002221.SZ,20250926,EVENT,-9.0532,False,0,0,False
301197.SZ,20250904,EVENT,16.3759,False,0,0,False
601665.SH,20250917,EVENT,5.5818,False,0,0,False
603121.SH,20250919,EVENT,3.2014,False,0,0,False
002802.SZ,20250917,EVENT,0.127,True,1,0,False
688232.SH,20250917,EVENT,-0.0233,False,0,0,False
688232.SH,20250926,EVENT,-1.2672,False,0,0,False
301197.SZ,20250929,EVENT,3.5508,False,0,0,False
688218_SH.SH,20250901,CONT,-7.3678,,,,
688433_SH.SH,20250901,CONT,18.9881,,,,
000972_SZ.SZ,20250908,CONT,-22.9557,,,,
002943_SZ.SZ,20250908,CONT,-4.8138,,,,
300756_SZ.SZ,20250908,CONT,8.7757,,,,
605133_SH.SH,20250908,CONT,2.2184,,,,
688088_SH.SH,20250908,CONT,-5.2341,,,,
688612_SH.SH,20250908,CONT,-2.8945,,,,
000830_SZ.SZ,20250909,CONT,-10.3974,,,,
603285_SH.SH,20250911,CONT,-16.7533,,,,
002715_SZ.SZ,20250912,CONT,1.558,,,,
688325_SH.SH,20250912,CONT,67.9818,,,,
001234_SZ.SZ,20250916,CONT,-11.1748,,,,
300736_SZ.SZ,20250916,CONT,-5.2462,,,,
002715_SZ.SZ,20250919,CONT,-5.8693,,,,
300111_SZ.SZ,20250922,CONT,13.4134,,,,
603216_SH.SH,20250922,CONT,0.09,,,,
301288_SZ.SZ,20250923,CONT,-4.4802,,,,
603298_SH.SH,20250924,CONT,-6.8595,,,,
300904_SZ.SZ,20250929,CONT,-4.27,,,,
301042_SZ.SZ,20250930,CONT,8.2663,,,,
603216_SH.SH,20250930,CONT,-11.442,,,,
000526.SZ,20250924,EVENT,-3.5165,False,0,0,False
002969.SZ,20250930,EVENT,5.0347,False,0,0,False
300791.SZ,20250910,EVENT,-5.1692,False,0,0,False
000906.SZ,20251013,EVENT,0.3983,False,0,0,False
002413.SZ,20251031,EVENT,0.4929,False,0,0,False
002221.SZ,20251009,EVENT,-4.0416,True,0,1,False
301258.SZ,20251014,EVENT,2.7943,False,0,0,False
301325.SZ,20251028,EVENT,7.1158,False,0,0,False
300686_SZ.SZ,20251014,CONT,-1.2828,,,,
601011_SH.SH,20251017,CONT,-2.2619,,,,
603530_SH.SH,20251017,CONT,-2.1152,,,,
601001_SH.SH,20251021,CONT,-2.355,,,,
603843_SH.SH,20251022,CONT,50.5326,,,,
000592_SZ.SZ,20251024,CONT,100.2505,,,,
000933_SZ.SZ,20251030,CONT,9.0308,,,,
002481.SZ,20251009,EVENT,9.8173,False,0,0,False
600686.SH,20251009,EVENT,4.2874,False,0,0,False
605266.SH,20251013,EVENT,3.0364,False,0,0,False
688166.SH,20251103,EVENT,-8.351,False,0,0,False
688010.SH,20251121,EVENT,5.0704,True,0,1,False
000513.SZ,20251110,EVENT,-4.8666,False,0,0,False
300592.SZ,20251105,EVENT,-1.2117,False,0,0,False
000513.SZ,20251106,EVENT,-2.8781,False,0,0,False
000513.SZ,20251107,EVENT,-3.446,False,0,0,False
688321.SH,20251107,EVENT,-9.4927,False,0,0,False
002892.SZ,20251119,EVENT,-2.9843,False,0,0,False
002892.SZ,20251121,EVENT,-2.0574,False,0,0,False
605555.SH,20251128,EVENT,7.4319,False,0,0,False
600872.SH,20251106,EVENT,0.3393,False,0,0,False
601919.SH,20251107,EVENT,0.6842,False,0,0,False
603369.SH,20251107,EVENT,0.5933,False,0,0,False
600576.SH,20251119,EVENT,-0.2295,False,0,0,False
600858.SH,20251126,EVENT,6.1529,False,0,0,False
688267.SH,20251126,EVENT,9.572,False,0,0,False
600278.SH,20251128,EVENT,-2.1869,False,0,0,False
000908_SZ.SZ,20251103,CONT,16.3344,,,,
002497_SZ.SZ,20251106,CONT,29.2072,,,,
300438_SZ.SZ,20251106,CONT,-6.1222,,,,
603185_SH.SH,20251106,CONT,5.5628,,,,
600815_SH.SH,20251111,CONT,-6.4657,,,,
000007_SZ.SZ,20251113,CONT,1.7792,,,,
000820_SZ.SZ,20251114,CONT,1.262,,,,
300078_SZ.SZ,20251125,CONT,7.8508,,,,
002051.SZ,20251106,EVENT,-0.1661,False,0,0,False
600566.SH,20251126,EVENT,7.6558,False,0,0,False
601233.SH,20251127,EVENT,0.5352,False,0,0,False
002387.SZ,20251201,EVENT,0.2988,False,0,0,False
688310.SH,20251201,EVENT,-7.457,False,0,0,False
600873.SH,20251231,EVENT,1.3556,False,0,0,False
000521.SZ,20251204,EVENT,-2.3233,False,0,0,False
600734_SH.SH,20251202,CONT,-6.2606,,,,
603355_SH.SH,20251209,CONT,-11.8637,,,,
000901_SZ.SZ,20251215,CONT,14.1103,,,,
000935_SZ.SZ,20251216,CONT,-0.9149,,,,
002297_SZ.SZ,20251225,CONT,5.4911,,,,
300118_SZ.SZ,20251225,CONT,41.002,,,,
300531.SZ,20251204,EVENT,-2.52,False,0,0,False
300834.SZ,20260105,EVENT,1.5024,False,0,0,False
000513.SZ,20260107,EVENT,0.8517,False,0,0,False
603039.SH,20260108,EVENT,-0.1504,False,0,0,False
600872.SH,20260105,EVENT,0.5965,False,0,0,False
002675.SZ,20260106,EVENT,3.8865,False,0,0,False
002875.SZ,20260121,EVENT,0.2274,False,0,0,False
601618.SH,20260128,EVENT,-0.1137,False,0,0,False
688612.SH,20260128,EVENT,-1.9288,False,0,0,False
000048.SZ,20260109,EVENT,17.4427,False,0,0,False
002488.SZ,20260109,EVENT,1.8266,False,0,0,False
688576.SH,20260109,EVENT,4.0171,False,0,0,False
002422.SZ,20260107,EVENT,3.7599,False,0,0,False
002675.SZ,20260107,EVENT,3.3676,False,0,0,False
688506.SH,20260109,EVENT,-8.1724,False,0,0,False
688506.SH,20260112,EVENT,-10.3783,False,0,0,False
002608.SZ,20260119,EVENT,-0.319,False,0,0,False
300129_SZ.SZ,20260105,CONT,50.0788,,,,
002169_SZ.SZ,20260107,CONT,1.0142,,,,
002582_SZ.SZ,20260109,CONT,36.5576,,,,
300984_SZ.SZ,20260109,CONT,-2.2482,,,,
000603_SZ.SZ,20260112,CONT,50.3059,,,,
688503_SH.SH,20260114,CONT,3.8927,,,,
300054_SZ.SZ,20260116,CONT,-4.4044,,,,
603650_SH.SH,20260116,CONT,-9.2833,,,,
000612_SZ.SZ,20260120,CONT,2.1447,,,,
002112_SZ.SZ,20260120,CONT,11.4901,,,,
300855_SZ.SZ,20260120,CONT,-2.8142,,,,
301073_SZ.SZ,20260120,CONT,-1.6834,,,,
000960_SZ.SZ,20260121,CONT,-3.7313,,,,
001373_SZ.SZ,20260121,CONT,6.6687,,,,
600547_SH.SH,20260121,CONT,-2.7236,,,,
300201_SZ.SZ,20260122,CONT,-0.3239,,,,
688155_SH.SH,20260122,CONT,12.7928,,,,
002358_SZ.SZ,20260123,CONT,6.4104,,,,
002339_SZ.SZ,20260126,CONT,11.5343,,,,
603012_SH.SH,20260127,CONT,1.1959,,,,
300594_SZ.SZ,20260128,CONT,5.7618,,,,
603861_SH.SH,20260128,CONT,5.0434,,,,
603986_SH.SH,20260128,CONT,-9.5316,,,,
688008_SH.SH,20260128,CONT,-0.8447,,,,
688179_SH.SH,20260128,CONT,-8.9233,,,,
688536_SH.SH,20260128,CONT,-11.3217,,,,
600176_SH.SH,20260129,CONT,26.0257,,,,
600211.SH,20260122,EVENT,-4.4005,False,0,0,False
600329.SH,20260209,EVENT,-1.6533,False,0,0,False
603858.SH,20260204,EVENT,1.0734,False,0,0,False
002286.SZ,20260209,EVENT,-0.7673,False,0,0,False
601137.SH,20260211,EVENT,5.4141,False,0,0,False
688617.SH,20260211,EVENT,-6.1587,False,0,0,False
301320.SZ,20260205,EVENT,3.3411,False,0,0,False
600436.SH,20260206,EVENT,-8.6772,False,0,0,False
300679.SZ,20260210,EVENT,-6.9528,False,0,0,False
301130.SZ,20260211,EVENT,0.8623,False,0,0,False
600743.SH,20260211,EVENT,-0.2508,False,0,0,False
300679.SZ,20260213,EVENT,-3.8248,False,0,0,False
688617.SH,20260213,EVENT,-1.5947,False,0,0,False
600208.SH,20260224,EVENT,0.2476,False,0,0,False
002475.SZ,20260225,EVENT,-1.9758,False,0,0,False
600331_SH.SH,20260202,CONT,21.1029,,,,
603285_SH.SH,20260202,CONT,5.2827,,,,
603306_SH.SH,20260202,CONT,13.4052,,,,
605056_SH.SH,20260202,CONT,10.0995,,,,
002487_SZ.SZ,20260204,CONT,11.5697,,,,
000533_SZ.SZ,20260213,CONT,40.4357,,,,
603950_SH.SH,20260227,CONT,6.419,,,,
600971.SH,20260211,EVENT,5.1356,False,0,0,False
600801.SH,20260204,EVENT,-2.6805,False,0,0,False
688317.SH,20260204,EVENT,0.042,False,0,0,False
002015.SZ,20260205,EVENT,6.3251,False,0,0,False
600873.SH,20260206,EVENT,4.1276,True,1,0,False
301307.SZ,20260306,EVENT,4.4752,False,0,0,False
002955.SZ,20260319,EVENT,-2.8504,False,0,0,False
300633.SZ,20260319,EVENT,-5.5516,False,0,0,False
603885.SH,20260326,EVENT,2.9426,False,0,0,False
000009.SZ,20260311,EVENT,-5.9054,False,0,0,False
000408.SZ,20260325,EVENT,6.9561,False,0,0,False
000408.SZ,20260326,EVENT,8.4677,False,0,0,False
603836.SH,20260306,EVENT,-5.1864,False,0,0,False
300583.SZ,20260310,EVENT,-0.5219,False,0,0,False
688278.SH,20260316,EVENT,-2.1037,False,0,0,False
002655_SZ.SZ,20260302,CONT,5.9493,,,,
600188_SH.SH,20260302,CONT,11.4052,,,,
600482_SH.SH,20260305,CONT,-11.9589,,,,
601898_SH.SH,20260312,CONT,-2.7054,,,,
301265_SZ.SZ,20260317,CONT,0.9915,,,,
300868_SZ.SZ,20260324,CONT,6.0426,,,,
688251_SH.SH,20260325,CONT,-3.1379,,,,
002309_SZ.SZ,20260331,CONT,-16.2417,,,,
600909.SH,20260311,EVENT,-3.6518,False,0,0,False
600208.SH,20260316,EVENT,-4.9156,False,0,0,False
600679.SH,20260319,EVENT,-3.3432,False,0,0,False
603043.SH,20260330,EVENT,-3.9452,False,0,0,False
605162_SH.SH,20260401,CONT,10.4529,,,,
002713_SZ.SZ,20260408,CONT,10.1528,,,,
002902_SZ.SZ,20260414,CONT,2.576,,,,
002281_SZ.SZ,20260416,CONT,34.3896,,,,
002281_SZ.SZ,20260417,CONT,35.6861,,,,
301222_SZ.SZ,20260417,CONT,29.8452,,,,
688383_SH.SH,20260417,CONT,3.5317,,,,
603165_SH.SH,20260420,CONT,8.5821,,,,
301369_SZ.SZ,20260423,CONT,37.1808,,,,
603950_SH.SH,20260423,CONT,15.0388,,,,
003031_SZ.SZ,20260428,CONT,26.8506,,,,
605006_SH.SH,20260428,CONT,28.4216,,,,
002273_SZ.SZ,20260430,CONT,10.7384,,,,
002384_SZ.SZ,20260430,CONT,16.8197,,,,
003031_SZ.SZ,20260430,CONT,35.3134,,,,
301603_SZ.SZ,20260430,CONT,26.7856,,,,
603139_SH.SH,20260430,CONT,5.5119,,,,
688683_SH.SH,20260430,CONT,1.1268,,,,
000063.SZ,20260529,EVENT,1.4191,False,0,0,False
600239.SH,20260529,EVENT,-6.55,False,0,0,False
603456.SH,20260527,EVENT,-1.7278,False,0,0,False
002938_SZ.SZ,20260506,CONT,23.7167,,,,
003031_SZ.SZ,20260506,CONT,30.8796,,,,
688069_SH.SH,20260506,CONT,45.1166,,,,
002938_SZ.SZ,20260507,CONT,25.5635,,,,
301371_SZ.SZ,20260507,CONT,5.4799,,,,
688381_SH.SH,20260507,CONT,28.5425,,,,
002916_SZ.SZ,20260512,CONT,25.5841,,,,
300054_SZ.SZ,20260512,CONT,18.5593,,,,
603682_SH.SH,20260512,CONT,-5.4934,,,,
688508_SH.SH,20260512,CONT,6.3858,,,,
000668_SZ.SZ,20260514,CONT,1.0686,,,,
300475_SZ.SZ,20260514,CONT,-3.6178,,,,
300706_SZ.SZ,20260514,CONT,6.7505,,,,
688110_SH.SH,20260514,CONT,-11.271,,,,
688290_SH.SH,20260514,CONT,2.6271,,,,
000668_SZ.SZ,20260515,CONT,-0.9096,,,,
001339_SZ.SZ,20260518,CONT,3.8678,,,,
301285_SZ.SZ,20260518,CONT,-5.3475,,,,
601208_SH.SH,20260518,CONT,5.0701,,,,
603162_SH.SH,20260518,CONT,-8.3698,,,,
688017_SH.SH,20260518,CONT,-4.4363,,,,
002635_SZ.SZ,20260519,CONT,-3.8504,,,,
300408_SZ.SZ,20260519,CONT,49.9508,,,,
301123_SZ.SZ,20260519,CONT,17.8385,,,,
603336_SH.SH,20260519,CONT,-27.5771,,,,
603608_SH.SH,20260519,CONT,26.8395,,,,
688179_SH.SH,20260519,CONT,-10.4508,,,,
003004_SZ.SZ,20260520,CONT,58.5642,,,,
002273_SZ.SZ,20260520,CONT,-5.8821,,,,
002993_SZ.SZ,20260520,CONT,7.3483,,,,
603936_SH.SH,20260520,CONT,5.2934,,,,
605358_SH.SH,20260520,CONT,3.7469,,,,
688052_SH.SH,20260520,CONT,7.7877,,,,
600936_SH.SH,20260522,CONT,3.9812,,,,
300106_SZ.SZ,20260525,CONT,-10.9349,,,,
600730_SH.SH,20260525,CONT,1.7685,,,,
300825_SZ.SZ,20260526,CONT,7.5147,,,,
688107_SH.SH,20260526,CONT,-17.3429,,,,
002782_SZ.SZ,20260527,CONT,-18.3149,,,,
688068.SH,20260527,EVENT,-7.7309,False,0,0,False
300883.SZ,20260528,EVENT,-7.1959,False,0,0,False
600567.SH,20260611,EVENT,-5.2521,False,0,0,False
002758.SZ,20260615,EVENT,-2.99,False,0,0,False
600679.SH,20260608,EVENT,-10.6,False,0,0,False
600567.SH,20260612,EVENT,7.0723,False,0,0,False
603987.SH,20260612,EVENT,-0.934,False,0,0,False
300871.SZ,20260615,EVENT,2.6908,False,0,0,False
300193.SZ,20260616,EVENT,-4.9122,False,0,0,False
301223.SZ,20260616,EVENT,-2.6463,False,0,0,False
688377.SH,20260604,EVENT,-9.5393,False,0,0,False
605507.SH,20260605,EVENT,-4.4321,False,0,0,False
600187.SH,20260612,EVENT,-15.7731,False,0,0,False
301333.SZ,20260616,EVENT,13.6648,False,0,0,False
603899.SH,20260601,EVENT,-2.9342,False,0,0,False
002637.SZ,20260603,EVENT,1.0045,False,0,0,False
600585.SH,20260603,EVENT,-4.9084,False,0,0,False
605507.SH,20260603,EVENT,-2.0988,False,0,0,False
000100.SZ,20260604,EVENT,1.1383,False,0,0,False
000055.SZ,20260609,EVENT,7.7806,False,0,0,False
002206.SZ,20260611,EVENT,2.0874,False,0,0,False
002332.SZ,20260611,EVENT,0.1146,False,0,0,False
300347.SZ,20260611,EVENT,26.0276,False,0,0,False
002223.SZ,20260615,EVENT,-4.0712,False,0,0,False
300347.SZ,20260615,EVENT,0.5654,False,0,0,False
603579.SH,20260615,EVENT,-0.2985,False,0,0,False
301263.SZ,20260617,EVENT,-9.2489,False,0,0,False
301333.SZ,20260617,EVENT,15.1185,False,0,0,False
301097.SZ,20260618,EVENT,4.737,False,0,0,False
300245.SZ,20260601,EVENT,-2.2301,False,0,0,False
000409.SZ,20260604,EVENT,-4.5264,False,0,0,False
300583.SZ,20260604,EVENT,-1.8729,False,0,0,False
603858.SH,20260604,EVENT,-3.5877,False,0,0,False
300611.SZ,20260605,EVENT,-0.3183,False,0,0,False
688278.SH,20260605,EVENT,9.9354,False,0,0,False
688513.SH,20260605,EVENT,-2.2323,False,0,0,False
688606.SH,20260608,EVENT,-7.2355,False,0,0,False
000055.SZ,20260610,EVENT,0.9652,False,0,0,False
601800.SH,20260612,EVENT,-3.3188,False,0,0,False
688109.SH,20260612,EVENT,3.1232,False,0,0,False
000801.SZ,20260615,EVENT,-1.4207,False,0,0,False
300791.SZ,20260615,EVENT,-4.8095,False,0,0,False
600872.SH,20260615,EVENT,-6.592,False,0,0,False
300883.SZ,20260616,EVENT,-3.0934,False,0,0,False
000564.SZ,20260617,EVENT,-4.9047,False,0,0,False
300347.SZ,20260617,EVENT,0.9277,False,0,0,False
002962_SZ.SZ,20260603,CONT,-11.0477,,,,
301566_SZ.SZ,20260603,CONT,-1.7802,,,,
301568_SZ.SZ,20260603,CONT,47.2476,,,,
300037_SZ.SZ,20260605,CONT,13.5243,,,,
601678_SH.SH,20260623,CONT,-4.5478,,,,
002876_SZ.SZ,20260625,CONT,-11.6286,,,,
002937_SZ.SZ,20260625,CONT,1.3998,,,,
603290_SH.SH,20260630,CONT,-20.5931,,,,
600179.SH,20260603,EVENT,4.5809,False,0,0,False
301078.SZ,20260605,EVENT,-2.1953,False,0,0,False
002452.SZ,20260610,EVENT,9.4688,False,0,0,False
002661.SZ,20260611,EVENT,-6.3837,False,0,0,False
300082.SZ,20260616,EVENT,-5.8697,False,0,0,False
000100.SZ,20260610,EVENT,2.0876,False,0,0,False
300143.SZ,20260720,EVENT,5.307,False,0,0,False
600382.SH,20260729,EVENT,0.718,False,0,0,False
300906.SZ,20260730,EVENT,-0.3593,False,0,0,False
301032.SZ,20260722,EVENT,9.9244,False,0,0,False
300988.SZ,20260724,EVENT,-2.5251,False,0,0,False
301446.SZ,20260724,EVENT,23.6725,False,0,0,False
002888.SZ,20260728,EVENT,17.0396,False,0,0,False
601799.SH,20260729,EVENT,1.0371,False,0,0,False
603390.SH,20260729,EVENT,7.6932,False,0,0,False
600382.SH,20260730,EVENT,0.2339,False,0,0,False
301446.SZ,20260731,EVENT,14.5298,False,0,0,False
603920.SH,20260731,EVENT,20.7129,False,0,0,False
002858.SZ,20260717,EVENT,-5.7828,False,0,0,False
601717.SH,20260717,EVENT,0.4206,False,0,0,False
688326.SH,20260717,EVENT,-4.9378,False,0,0,False
002340.SZ,20260720,EVENT,7.8089,False,0,0,False
301087.SZ,20260721,EVENT,3.73,False,0,0,False
601600.SH,20260721,EVENT,7.2042,False,0,0,False
000695.SZ,20260722,EVENT,4.2937,False,0,0,False
002858.SZ,20260722,EVENT,13.1279,False,0,0,False
300014.SZ,20260722,EVENT,0.4595,False,0,0,False
300183.SZ,20260723,EVENT,5.727,False,0,0,False
688032.SH,20260723,EVENT,4.7681,False,0,0,False
002020.SZ,20260727,EVENT,6.4501,False,0,0,False
002340.SZ,20260727,EVENT,4.0666,False,0,0,False
300091.SZ,20260727,EVENT,7.9517,False,0,0,False
300906.SZ,20260727,EVENT,15.8211,False,0,0,False
300925.SZ,20260728,EVENT,7.7715,False,0,0,False
301290.SZ,20260728,EVENT,11.6768,False,0,0,False
002722.SZ,20260729,EVENT,3.8525,False,0,0,False
002778.SZ,20260729,EVENT,9.0299,False,0,0,False
002812.SZ,20260729,EVENT,8.2768,False,0,0,False
605588.SH,20260730,EVENT,19.1558,False,0,0,False
688623.SH,20260730,EVENT,6.3355,False,0,0,False
002023.SZ,20260731,EVENT,15.9644,False,0,0,False
002827.SZ,20260717,EVENT,0.168,False,0,0,False
301173.SZ,20260721,EVENT,-3.2819,False,0,0,False
301283.SZ,20260721,EVENT,9.1477,False,0,0,False
688331.SH,20260721,EVENT,-3.6813,False,0,0,False
301533.SZ,20260723,EVENT,11.1636,False,0,0,False
600382.SH,20260723,EVENT,11.1156,False,0,0,False
001233.SZ,20260724,EVENT,5.046,False,0,0,False
003008.SZ,20260724,EVENT,-2.2754,False,0,0,False
301330.SZ,20260724,EVENT,-1.837,False,0,0,False
002722.SZ,20260727,EVENT,8.188,False,0,0,False
002929.SZ,20260728,EVENT,-13.7508,False,0,0,False
300467.SZ,20260728,EVENT,8.6106,False,0,0,False
301252.SZ,20260728,EVENT,15.9517,False,0,0,False
301662.SZ,20260728,EVENT,6.5845,False,0,0,False
002023.SZ,20260729,EVENT,20.1637,False,0,0,False
002931.SZ,20260729,EVENT,16.0042,False,0,0,False
300690.SZ,20260729,EVENT,-0.5519,False,0,0,False
301305.SZ,20260729,EVENT,17.6735,False,0,0,False
600580.SH,20260729,EVENT,19.7701,False,0,0,False
603920.SH,20260729,EVENT,19.6577,False,0,0,False
688162.SH,20260729,EVENT,11.4777,False,0,0,False
688429.SH,20260729,EVENT,13.9964,False,0,0,False
688638.SH,20260729,EVENT,14.7536,False,0,0,False
002079.SZ,20260730,EVENT,7.9927,False,0,0,False
002931.SZ,20260730,EVENT,18.3857,False,0,0,False
300095.SZ,20260730,EVENT,2.602,False,0,0,False
300183.SZ,20260730,EVENT,5.7276,False,0,0,False
301306.SZ,20260730,EVENT,18.7909,False,0,0,False
600580.SH,20260730,EVENT,19.2423,False,0,0,False
688350.SH,20260730,EVENT,5.7156,False,0,0,False
002050.SZ,20260731,EVENT,6.4613,False,0,0,False
002722.SZ,20260731,EVENT,1.48,False,0,0,False
003015.SZ,20260731,EVENT,14.1078,False,0,0,False
300687.SZ,20260731,EVENT,29.5874,False,0,0,False
603079.SH,20260731,EVENT,11.0598,False,0,0,False
605588.SH,20260731,EVENT,23.652,False,0,0,False
688359.SH,20260731,EVENT,25.3043,False,0,0,False
000923.SZ,20260717,EVENT,8.7403,False,0,0,False
301283.SZ,20260720,EVENT,7.447,False,0,0,False
002020.SZ,20260722,EVENT,-2.8162,False,0,0,False
301026.SZ,20260722,EVENT,29.6587,False,0,0,False
601799.SH,20260722,EVENT,5.2205,False,0,0,False
000695.SZ,20260723,EVENT,-0.2131,False,0,0,False
001322.SZ,20260723,EVENT,-2.3781,False,0,0,False
002318.SZ,20260723,EVENT,5.3061,False,0,0,False
301439.SZ,20260728,EVENT,7.137,False,0,0,False
301248.SZ,20260729,EVENT,17.7349,False,0,0,False
600186.SH,20260729,EVENT,28.519,False,0,0,False
603135.SH,20260729,EVENT,9.0864,False,0,0,False
002203.SZ,20260730,EVENT,9.2758,False,0,0,False
603088.SH,20260730,EVENT,3.1506,False,0,0,False
002203.SZ,20260731,EVENT,10.8095,False,0,0,False
002600.SZ,20260731,EVENT,2.2847,False,0,0,False
301252.SZ,20260731,EVENT,22.5474,False,0,0,False
301322.SZ,20260731,EVENT,25.0864,False,0,0,False
603031.SH,20260731,EVENT,21.0513,False,0,0,False
688657.SH,20260731,EVENT,26.8827,False,0,0,False
603713_SH.SH,20260701,CONT,0.0088,,,,
603259_SH.SH,20260702,CONT,2.3434,,,,
002860_SZ.SZ,20260710,CONT,7.3574,,,,
600918.SH,20260722,EVENT,-1.1665,False,0,0,False
000695.SZ,20260724,EVENT,-1.2316,False,0,0,False
688623.SH,20260724,EVENT,-1.3068,False,0,0,False
002318.SZ,20260727,EVENT,5.2487,False,0,0,False
002820.SZ,20260729,EVENT,8.2918,False,0,0,False
603091.SH,20260729,EVENT,5.0222,False,0,0,False
001205.SZ,20260730,EVENT,4.6693,False,0,0,False
603031.SH,20260730,EVENT,16.2418,False,0,0,False
688153.SH,20260730,EVENT,6.9575,False,0,0,False
688755.SH,20260731,EVENT,18.4595,False,0,0,False
301120.SZ,20260805,EVENT,-9.1353,False,0,0,False
300274.SZ,20260810,EVENT,1.5689,False,0,0,False
002130.SZ,20260803,EVENT,0.6053,False,0,0,False
688251.SH,20260806,EVENT,1.6539,False,0,0,False
688312.SH,20260806,EVENT,7.8912,False,0,0,False
300637.SZ,20260807,EVENT,0.9466,False,0,0,False
300727.SZ,20260810,EVENT,-3.9514,False,0,0,False
301120.SZ,20260806,EVENT,-6.4337,False,0,0,False
000035.SZ,20260807,EVENT,-5.6155,False,0,0,False
688080.SH,20260810,EVENT,-0.5894,False,0,0,False
002655.SZ,20260803,EVENT,67.5344,False,0,0,False
002787.SZ,20260803,EVENT,18.5229,False,0,0,False
300232.SZ,20260804,EVENT,-6.2704,False,0,0,False
300274.SZ,20260804,EVENT,8.3237,False,0,0,False
301396.SZ,20260804,EVENT,28.3915,False,0,0,False
300232.SZ,20260805,EVENT,-5.3545,False,0,0,False
300811.SZ,20260805,EVENT,21.4881,False,0,0,False
301330.SZ,20260806,EVENT,-3.4791,False,0,0,False
301446.SZ,20260806,EVENT,1.9931,False,0,0,False
300100.SZ,20260807,EVENT,-13.3471,False,0,0,False
601777.SH,20260807,EVENT,-1.3541,False,0,0,False
688395.SH,20260807,EVENT,3.6901,False,0,0,False
688755.SH,20260810,EVENT,1.6361,False,0,0,False
688080.SH,20260811,EVENT,-0.5987,False,0,0,False
002429.SZ,20260812,EVENT,2.1654,False,0,0,False
301308.SZ,20260812,EVENT,-6.9372,False,0,0,False
688035.SH,20260812,EVENT,10.0792,False,0,0,False
300637.SZ,20260813,EVENT,0.7064,False,0,0,False
688035.SH,20260814,EVENT,9.0789,False,0,0,False
300637.SZ,20260820,EVENT,2.9787,False,0,0,False
002188.SZ,20260803,EVENT,3.6202,False,0,0,False
300906.SZ,20260803,EVENT,-0.0428,False,0,0,False
301010.SZ,20260803,EVENT,4.9813,False,0,0,False
688258.SH,20260803,EVENT,8.6515,False,0,0,False
688716.SH,20260803,EVENT,11.0995,False,0,0,False
300095.SZ,20260804,EVENT,-5.9376,False,0,0,False
002655.SZ,20260805,EVENT,34.2503,False,0,0,False
688368.SH,20260807,EVENT,4.2912,False,0,0,False
600186.SH,20260810,EVENT,11.9296,False,0,0,False
002655.SZ,20260813,EVENT,17.8473,False,0,0,False
301359.SZ,20260813,EVENT,1.9942,False,0,0,False
301396.SZ,20260813,EVENT,-2.487,False,0,0,False
688525.SH,20260813,EVENT,-0.0072,False,0,0,False
002655.SZ,20260814,EVENT,24.2614,False,0,0,False
688381.SH,20260814,EVENT,11.6065,False,0,0,False
002683.SZ,20260803,EVENT,8.3203,False,0,0,False
002929.SZ,20260803,EVENT,17.7031,False,0,0,False
300684.SZ,20260803,EVENT,55.7025,False,0,0,False
301265.SZ,20260803,EVENT,24.7689,False,0,0,False
600252.SH,20260803,EVENT,5.0687,False,0,0,False
600673.SH,20260803,EVENT,30.2536,False,0,0,False
688381.SH,20260803,EVENT,28.8302,False,0,0,False
301252.SZ,20260804,EVENT,8.5181,False,0,0,False
301322.SZ,20260804,EVENT,13.6472,False,0,0,False
300184.SZ,20260805,EVENT,-1.3139,False,0,0,False
601006.SH,20260805,EVENT,-1.2471,False,0,0,False
002787.SZ,20260806,EVENT,1.4997,False,0,0,False
300687.SZ,20260806,EVENT,-0.6894,False,0,0,False
301360.SZ,20260806,EVENT,14.5447,False,0,0,False
301396.SZ,20260806,EVENT,3.8444,False,0,0,False
603091.SH,20260806,EVENT,2.046,False,0,0,False
600673.SH,20260807,EVENT,0.8411,False,0,0,False
603950.SH,20260807,EVENT,6.7524,False,0,0,False
688766.SH,20260810,EVENT,1.3835,False,0,0,False
688755.SH,20260803,EVENT,15.2512,False,0,0,False
300802.SZ,20260805,EVENT,9.9736,False,0,0,False
688755.SH,20260805,EVENT,13.2862,False,0,0,False
603950.SH,20260806,EVENT,4.8254,False,0,0,False
001227.SZ,20260807,EVENT,-2.1663,False,0,0,False
688716.SH,20260807,EVENT,-6.0521,False,0,0,False
000932.SZ,20260810,EVENT,-2.0095,False,0,0,False
002722.SZ,20260824,EVENT,1.886,False,0,0,False
300192.SZ,20260812,EVENT,1.5747,False,0,0,False
300002.SZ,20260813,EVENT,-4.6285,False,0,0,False
