symbol,event_date,stage,drop,wait_bars,level,level_date,gap_pct,break_date,break_level,retrace_date,poi_kind,poi_desc,since_break,last_close
000063.SZ,20260529,DROPPED,retrace_fail_close_below_L,,,,,20260605,38.372,,,,,30.58
600239.SH,20260529,ENTERED,,,,,,20260806,1.4,20260807,LEVEL,,,1.44
603456.SH,20260527,ENTERED,,,,,,20260618,13.03,20260622,OB,,,16.75
688068.SH,20260527,ENTERED,,,,,,20260629,83.56,20260630,LEVEL,,,94.47
300883.SZ,20260528,ENTERED,,,,,,20260812,6.01,20260813,LEVEL,,,6.36
600567.SH,20260611,ENTERED,,,,,,20260612,1.38,20260615,LEVEL,,,1.32
002758.SZ,20260615,ENTERED,,,,,,20260623,8.025,20260624,FVG,,,8.48
600679.SH,20260608,ENTERED,,,,,,20260731,9.39,20260803,OB,,,10.55
600567.SH,20260612,ENTERED,,,,,,20260612,1.38,20260615,LEVEL,,,1.32
603987.SH,20260612,ENTERED,,,,,,20260715,7.46,20260716,FVG,,,7.59
300871.SZ,20260615,ENTERED,,,,,,20260615,22.241,20260616,OB,,,21.1
300193.SZ,20260616,ENTERED,,,,,,20260810,7.76,20260811,LEVEL,,,7.89
301223.SZ,20260616,ENTERED,,,,,,20260715,16.6,20260716,LEVEL,,,18.12
688377.SH,20260604,DROPPED,no_high_break_60bar,,,,,,,,,,,16.74
605507.SH,20260605,DROPPED,retrace_fail_close_below_L,,,,,20260610,16.09,,,,,18.09
600187.SH,20260612,DROPPED,retrace_fail_close_below_L,,,,,20260703,1.43,,,,,1.24
301333.SZ,20260616,DROPPED,retrace_fail_close_below_L,,,,,20260706,53.451,,,,,66.67
603899.SH,20260601,DROPPED,retrace_fail_close_below_L,,,,,20260716,22.15,,,,,22.36
002637.SZ,20260603,ENTERED,,,,,,20260804,10.53,20260805,FVG,,,10.37
600585.SH,20260603,ENTERED,,,,,,20260715,17.29,20260716,LEVEL,,,17.51
605507.SH,20260603,DROPPED,retrace_fail_close_below_L,,,,,20260610,16.09,,,,,18.09
000100.SZ,20260604,DROPPED,retrace_fail_close_below_L,,,,,20260617,5.06,,,,,4.79
000055.SZ,20260609,ENTERED,,,,,,20260803,3.46,20260804,OB,,,3.86
002206.SZ,20260611,ENTERED,,,,,,20260731,5.34,20260803,OB,,,4.87
002332.SZ,20260611,DROPPED,retrace_fail_close_below_L,,,,,20260615,8.62,,,,,8.64
300347.SZ,20260611,ENTERED,,,,,,20260622,40.479,20260623,LEVEL,,,58.4
002223.SZ,20260615,DROPPED,retrace_fail_close_below_L,,,,,20260629,26.19,,,,,26.27
300347.SZ,20260615,ENTERED,,,,,,20260622,40.479,20260623,LEVEL,,,58.4
603579.SH,20260615,ENTERED,,,,,,20260615,19.18,20260616,FVG,,,17.8
301263.SZ,20260617,ENTERED,,,,,,20260629,20.6,20260630,LEVEL,,,19.09
301333.SZ,20260617,DROPPED,retrace_fail_close_below_L,,,,,20260706,53.451,,,,,66.67
301097.SZ,20260618,ENTERED,,,,,,20260804,32.12,20260911,LEVEL,,,34.7
300245.SZ,20260601,ENTERED,,,,,,20260804,5.68,20260805,LEVEL,,,5.83
000409.SZ,20260604,ENTERED,,,,,,20260727,8.37,20260728,OB,,,8.61
300583.SZ,20260604,DROPPED,retrace_fail_close_below_L,,,,,20260706,12.335,,,,,13.7
603858.SH,20260604,ENTERED,,,,,,20260615,15.19,20260616,LEVEL,,,14.64
300611.SZ,20260605,ENTERED,,,,,,20260828,24.85,20260831,OB,,,27.34
688278.SH,20260605,ENTERED,,,,,,20260611,57.38,20260612,OB,,,52.89
688513.SH,20260605,ENTERED,,,,,,20260701,47.7,20260727,LEVEL,,,51.16
688606.SH,20260608,ENTERED,,,,,,20260716,44.76,20260717,LEVEL,,,49.8
000055.SZ,20260610,ENTERED,,,,,,20260803,3.46,20260804,OB,,,3.86
601800.SH,20260612,ENTERED,,,,,,20260715,5.893,20260814,OB,,,5.94
688109.SH,20260612,DROPPED,retrace_fail_close_below_L,,,,,20260807,78.43,,,,,68.56
000801.SZ,20260615,DROPPED,retrace_fail_close_below_L,,,,,20260630,12.7,,,,,11.41
300791.SZ,20260615,ENTERED,,,,,,20260714,16.78,20260717,LEVEL,,,18.41
600872.SH,20260615,DROPPED,retrace_fail_close_below_L,,,,,20260702,17.75,,,,,17.24
300883.SZ,20260616,ENTERED,,,,,,20260812,6.01,20260813,LEVEL,,,6.36
000564.SZ,20260617,ENTERED,,,,,,20260729,1.38,20260730,OB,,,1.47
300347.SZ,20260617,ENTERED,,,,,,20260622,40.479,20260623,LEVEL,,,58.4
600179.SH,20260603,ENTERED,,,,,,20260604,4.54,20260605,LEVEL,,,4.35
301078.SZ,20260605,ENTERED,,,,,,20260716,7.02,20260717,LEVEL,,,6.97
002452.SZ,20260610,ENTERED,,,,,,20260624,11.41,20260709,OB,,,11.37
002661.SZ,20260611,ENTERED,,,,,,20260810,7.76,20260811,OB,,,7.56
300082.SZ,20260616,ENTERED,,,,,,20260805,7.79,20260806,LEVEL,,,8.58
000100.SZ,20260610,DROPPED,retrace_fail_close_below_L,,,,,20260617,5.06,,,,,4.79
300143.SZ,20260720,ENTERED,,,,,,20260807,7.6,20260810,LEVEL,,,7.85
600382.SH,20260729,DROPPED,retrace_fail_close_below_L,,,,,20260731,6.35,,,,,5.64
300906.SZ,20260730,ENTERED,,,,,,20260803,25.18,20260806,OB,,,27.96
301032.SZ,20260722,ENTERED,,,,,,20260810,9.93,20260811,LEVEL,,,10.25
300988.SZ,20260724,DROPPED,retrace_fail_close_below_L,,,,,20260817,15.16,,,,,16.28
301446.SZ,20260724,ENTERED,,,,,,20260804,34.44,20260821,OB,,,37.37
002888.SZ,20260728,ENTERED,,,,,,20260804,16.41,20260805,LEVEL,,,18.6
601799.SH,20260729,WAIT_BREAK,,44,73.43,20260921,4.4,,,,,,,70.33
603390.SH,20260729,DROPPED,retrace_fail_close_below_L,,,,,20260817,10.46,,,,,11.08
600382.SH,20260730,DROPPED,retrace_fail_close_below_L,,,,,20260731,6.35,,,,,5.64
301446.SZ,20260731,ENTERED,,,,,,20260804,34.44,20260821,OB,,,37.37
603920.SH,20260731,ENTERED,,,,,,20260908,39.2,20260909,OB,,,44.4
002858.SZ,20260717,ENTERED,,,,,,20260731,11.28,20260803,LEVEL,,,11.63
601717.SH,20260717,ENTERED,,,,,,20260723,15.44,20260724,LEVEL,,,13.35
688326.SH,20260717,WAIT_BREAK,,52,59.8,20260922,5.8,,,,,,,56.5
002340.SZ,20260720,ENTERED,,,,,,20260729,6.67,20260730,LEVEL,,,6.11
301087.SZ,20260721,ENTERED,,,,,,20260721,52.27,20260722,OB,,,52.1
601600.SH,20260721,ENTERED,,,,,,20260721,8.7,20260916,FVG,,,8.93
000695.SZ,20260722,DROPPED,retrace_fail_close_below_L,,,,,20260723,13.08,,,,,12.77
002858.SZ,20260722,ENTERED,,,,,,20260731,11.28,20260803,LEVEL,,,11.63
300014.SZ,20260722,ENTERED,,,,,,20260811,56.0,20260812,OB,,,49.81
300183.SZ,20260723,ENTERED,,,,,,20260803,10.41,20260807,FVG,,,10.63
688032.SH,20260723,ENTERED,,,,,,20260731,78.37,20260803,FVG,,,67.57
002020.SZ,20260727,ENTERED,,,,,,20260807,14.05,20260810,LEVEL,,,11.83
002340.SZ,20260727,ENTERED,,,,,,20260729,6.67,20260730,LEVEL,,,6.11
300091.SZ,20260727,WAIT_BREAK,,46,2.54,20260922,7.2,,,,,,,2.37
300906.SZ,20260727,DROPPED,retrace_fail_close_below_L,,,,,20260729,25.18,,,,,27.96
300925.SZ,20260728,ENTERED,,,,,,20260730,14.66,20260814,LEVEL,,,13.69
301290.SZ,20260728,ENTERED,,,,,,20260806,27.05,20260807,LEVEL,,,28.7
002722.SZ,20260729,ENTERED,,,,,,20260803,12.52,20260804,LEVEL,,,13.13
002778.SZ,20260729,ENTERED,,,,,,20260805,15.01,20260806,FVG,,,15.84
002812.SZ,20260729,ENTERED,,,,,,20260810,55.2,20260811,OB,,,45.51
605588.SH,20260730,ENTERED,,,,,,20260806,44.36,20260807,LEVEL,,,44.24
688623.SH,20260730,ENTERED,,,,,,20260811,61.97,20260812,OB,,,63.4
002023.SZ,20260731,WAIT_BREAK,,42,10.42,20260922,11.9,,,,,,,9.31
002827.SZ,20260717,DROPPED,no_retrace_20bar,,,,,20260728,25.68,,,,,59.0
301173.SZ,20260721,ENTERED,,,,,,20260817,32.58,20260818,OB,,,32.93
301283.SZ,20260721,ENTERED,,,,,,20260731,24.58,20260803,LEVEL,,,25.25
688331.SH,20260721,WAIT_BREAK,,50,128.08,20260922,9.2,,,,,,,117.34
301533.SZ,20260723,ENTERED,,,,,,20260803,25.02,20260804,LEVEL,,,28.42
600382.SH,20260723,DROPPED,retrace_fail_close_below_L,,,,,20260731,6.35,,,,,5.64
001233.SZ,20260724,ENTERED,,,,,,20260730,44.1,20260731,LEVEL,,,43.8
003008.SZ,20260724,ENTERED,,,,,,20260803,18.09,20260804,LEVEL,,,19.84
301330.SZ,20260724,ENTERED,,,,,,20260828,25.08,20260831,LEVEL,,,25.28
002722.SZ,20260727,ENTERED,,,,,,20260803,12.52,20260804,LEVEL,,,13.13
002929.SZ,20260728,WAIT_BREAK,,45,54.0,20260922,17.1,,,,,,,46.11
300467.SZ,20260728,ENTERED,,,,,,20260805,34.21,20260806,LEVEL,,,32.29
301252.SZ,20260728,DROPPED,no_retrace_20bar,,,,,20260804,29.31,,,,,35.86
301662.SZ,20260728,ENTERED,,,,,,20260817,71.88,20260818,OB,,,73.89
002023.SZ,20260729,WAIT_BREAK,,44,10.42,20260922,11.9,,,,,,,9.31
002931.SZ,20260729,ENTERED,,,,,,20260805,48.33,20260806,LEVEL,,,39.34
300690.SZ,20260729,ENTERED,,,,,,20260803,21.28,20260804,OB,,,26.58
301305.SZ,20260729,ENTERED,,,,,,20260731,21.56,20260803,LEVEL,,,24.36
600580.SH,20260729,DROPPED,retrace_fail_close_below_L,,,,,20260818,37.5,,,,,26.39
603920.SH,20260729,ENTERED,,,,,,20260908,39.2,20260909,OB,,,44.4
688162.SH,20260729,ENTERED,,,,,,20260825,24.0,20260826,LEVEL,,,25.86
688429.SH,20260729,ENTERED,,,,,,20260730,9.27,20260731,LEVEL,,,9.93
688638.SH,20260729,ENTERED,,,,,,20260731,30.19,20260803,FVG,,,34.71
002079.SZ,20260730,ENTERED,,,,,,20260804,9.21,20260805,LEVEL,,,8.43
002931.SZ,20260730,ENTERED,,,,,,20260805,48.33,20260806,LEVEL,,,39.34
300095.SZ,20260730,ENTERED,,,,,,20260902,8.62,20260903,LEVEL,,,8.88
300183.SZ,20260730,ENTERED,,,,,,20260803,10.41,20260807,FVG,,,10.63
301306.SZ,20260730,ENTERED,,,,,,20260817,99.58,20260818,OB,,,86.53
600580.SH,20260730,DROPPED,retrace_fail_close_below_L,,,,,20260818,37.5,,,,,26.39
688350.SH,20260730,ENTERED,,,,,,20260805,29.19,20260806,LEVEL,,,29.0
002050.SZ,20260731,DROPPED,retrace_fail_close_below_L,,,,,20260811,39.6,,,,,35.71
002722.SZ,20260731,ENTERED,,,,,,20260803,12.52,20260804,LEVEL,,,13.13
003015.SZ,20260731,ENTERED,,,,,,20260805,10.9,20260806,LEVEL,,,12.06
300687.SZ,20260731,DROPPED,no_retrace_20bar,,,,,20260803,22.58,,,,,28.38
603079.SH,20260731,ENTERED,,,,,,20260810,11.89,20260811,LEVEL,,,13.61
605588.SH,20260731,ENTERED,,,,,,20260806,44.36,20260807,LEVEL,,,44.24
688359.SH,20260731,ENTERED,,,,,,20260817,109.0,20260818,OB,,,105.0
000923.SZ,20260717,ENTERED,,,,,,20260727,14.35,20260728,OB,,,15.73
301283.SZ,20260720,ENTERED,,,,,,20260731,24.58,20260803,LEVEL,,,25.25
002020.SZ,20260722,ENTERED,,,,,,20260807,14.05,20260810,LEVEL,,,11.83
301026.SZ,20260722,DROPPED,no_retrace_20bar,,,,,20260804,17.88,,,,,18.6
601799.SH,20260722,WAIT_BREAK,,49,73.43,20260921,4.4,,,,,,,70.33
000695.SZ,20260723,DROPPED,retrace_fail_close_below_L,,,,,20260723,13.08,,,,,12.77
001322.SZ,20260723,ENTERED,,,,,,20260826,6.32,20260827,OB,,,6.74
002318.SZ,20260723,DROPPED,retrace_fail_close_below_L,,,,,20260901,20.58,,,,,17.83
301439.SZ,20260728,ENTERED,,,,,,20260813,15.48,20260814,OB,,,13.81
301248.SZ,20260729,READY,,,,,,20260922,58.86,20260923,FVG,,1,53.05
600186.SH,20260729,ENTERED,,,,,,20260804,9.08,20260805,LEVEL,,,11.46
603135.SH,20260729,WAIT_BREAK,,44,9.04,20260922,6.0,,,,,,,8.53
002203.SZ,20260730,ENTERED,,,,,,20260807,19.77,20260810,OB,,,17.32
603088.SH,20260730,ENTERED,,,,,,20260825,9.74,20260826,OB,,,9.9
002203.SZ,20260731,ENTERED,,,,,,20260807,19.77,20260810,OB,,,17.32
002600.SZ,20260731,DROPPED,retrace_fail_close_below_L,,,,,20260903,12.88,,,,,11.88
301252.SZ,20260731,DROPPED,no_retrace_20bar,,,,,20260804,29.31,,,,,35.86
301322.SZ,20260731,ENTERED,,,,,,20260805,35.46,20260806,LEVEL,,,42.42
603031.SH,20260731,ENTERED,,,,,,20260907,41.19,20260908,OB,,,36.67
688657.SH,20260731,DROPPED,retrace_fail_close_below_L,,,,,20260812,33.45,,,,,33.38
600918.SH,20260722,ENTERED,,,,,,20260826,5.68,20260827,LEVEL,,,5.42
000695.SZ,20260724,ENTERED,,,,,,20260813,13.5,20260821,LEVEL,,,12.77
688623.SH,20260724,ENTERED,,,,,,20260811,61.97,20260812,OB,,,63.4
002318.SZ,20260727,DROPPED,retrace_fail_close_below_L,,,,,20260901,20.58,,,,,17.83
002820.SZ,20260729,ENTERED,,,,,,20260806,9.15,20260807,FVG,,,9.87
603091.SH,20260729,DROPPED,retrace_fail_close_below_L,,,,,20260817,50.74,,,,,45.32
001205.SZ,20260730,ENTERED,,,,,,20260803,13.51,20260804,OB,,,14.44
603031.SH,20260730,ENTERED,,,,,,20260907,41.19,20260908,OB,,,36.67
688153.SH,20260730,ENTERED,,,,,,20260812,26.354,20260813,OB,,,25.37
688755.SH,20260731,ENTERED,,,,,,20260807,25.94,20260908,LEVEL,,,30.24
301120.SZ,20260805,ENTERED,,,,,,20260805,14.68,20260819,LEVEL,,,14.25
300274.SZ,20260810,WAIT_BREAK,,36,90.25,20260922,9.4,,,,,,,82.49
002130.SZ,20260803,ENTERED,,,,,,20260803,16.17,20260804,OB,,,15.71
688251.SH,20260806,ENTERED,,,,,,20260806,19.59,20260826,LEVEL,,,18.45
688312.SH,20260806,DROPPED,retrace_fail_close_below_L,,,,,20260907,49.89,,,,,47.07
300637.SZ,20260807,ENTERED,,,,,,20260817,9.27,20260818,OB,,,9.36
300727.SZ,20260810,DROPPED,retrace_fail_close_below_L,,,,,20260810,27.81,,,,,32.09
301120.SZ,20260806,ENTERED,,,,,,20260806,14.68,20260819,LEVEL,,,14.25
000035.SZ,20260807,WAIT_BREAK,,37,5.08,20260922,7.2,,,,,,,4.74
688080.SH,20260810,ENTERED,,,,,,20260831,37.99,20260901,LEVEL,,,36.65
002655.SZ,20260803,ENTERED,,,,,,20260917,40.08,20260918,LEVEL,,,32.54
002787.SZ,20260803,DROPPED,retrace_fail_close_below_L,,,,,20260812,21.93,,,,,25.51
300232.SZ,20260804,ENTERED,,,,,,20260804,5.11,20260807,FVG,,,5.35
300274.SZ,20260804,WAIT_BREAK,,40,90.25,20260922,9.4,,,,,,,82.49
301396.SZ,20260804,ENTERED,,,,,,20260814,207.96,20260817,OB,,,155.92
300232.SZ,20260805,ENTERED,,,,,,20260805,5.11,20260806,FVG,,,5.35
300811.SZ,20260805,ENTERED,,,,,,20260907,80.88,20260908,LEVEL,,,78.55
301330.SZ,20260806,ENTERED,,,,,,20260828,25.08,20260831,LEVEL,,,25.28
301446.SZ,20260806,ENTERED,,,,,,20260806,34.44,20260821,LEVEL,,,37.37
300100.SZ,20260807,READY,,,,,,20260928,21.93,20260929,OB,,1,22.18
601777.SH,20260807,DROPPED,retrace_fail_close_below_L,,,,,20260924,8.05,,,,,8.18
688395.SH,20260807,DROPPED,retrace_fail_close_below_L,,,,,20260810,23.49,,,,,26.2
688755.SH,20260810,ENTERED,,,,,,20260810,25.94,20260811,FVG,,,30.24
688080.SH,20260811,ENTERED,,,,,,20260831,37.99,20260901,LEVEL,,,36.65
002429.SZ,20260812,WAIT_BREAK,,34,8.44,20260922,6.6,,,,,,,7.92
301308.SZ,20260812,DROPPED,retrace_fail_close_below_L,,,,,20260812,386.88,,,,,301.93
688035.SH,20260812,ENTERED,,,,,,20260814,65.32,20260817,LEVEL,,,71.6
300637.SZ,20260813,ENTERED,,,,,,20260817,9.27,20260818,OB,,,9.36
688035.SH,20260814,ENTERED,,,,,,20260814,65.32,20260817,LEVEL,,,71.6
300637.SZ,20260820,ENTERED,,,,,,20260828,9.38,20260904,LEVEL,,,9.36
002188.SZ,20260803,ENTERED,,,,,,20260803,5.1,20260804,LEVEL,,,6.4
300906.SZ,20260803,ENTERED,,,,,,20260803,25.18,20260806,OB,,,27.96
301010.SZ,20260803,ENTERED,,,,,,20260803,16.39,20260804,LEVEL,,,19.92
688258.SH,20260803,WAIT_BREAK,,41,97.75,20260922,17.8,,,,,,,83.0
688716.SH,20260803,ENTERED,,,,,,20260803,26.66,20260821,LEVEL,,,25.52
300095.SZ,20260804,ENTERED,,,,,,20260902,8.62,20260903,LEVEL,,,8.88
002655.SZ,20260805,ENTERED,,,,,,20260917,40.08,20260918,LEVEL,,,32.54
688368.SH,20260807,ENTERED,,,,,,20260831,141.85,20260901,OB,,,120.73
600186.SH,20260810,DROPPED,no_retrace_20bar,,,,,20260810,9.08,,,,,11.46
002655.SZ,20260813,ENTERED,,,,,,20260917,40.08,20260918,LEVEL,,,32.54
301359.SZ,20260813,DROPPED,no_retrace_20bar,,,,,20260813,15.99,,,,,19.27
301396.SZ,20260813,ENTERED,,,,,,20260814,207.96,20260817,OB,,,155.92
688525.SH,20260813,ENTERED,,,,,,20260817,250.0,20260818,OB,,,192.35
002655.SZ,20260814,ENTERED,,,,,,20260917,40.08,20260918,LEVEL,,,32.54
688381.SH,20260814,DROPPED,retrace_fail_close_below_L,,,,,20260907,37.98,,,,,41.4
002683.SZ,20260803,ENTERED,,,,,,20260812,28.99,20260813,OB,,,27.86
002929.SZ,20260803,WAIT_BREAK,,41,54.0,20260922,17.1,,,,,,,46.11
300684.SZ,20260803,DROPPED,no_retrace_20bar,,,,,20260813,54.1,,,,,108.1
301265.SZ,20260803,DROPPED,retrace_fail_close_below_L,,,,,20260817,21.35,,,,,21.9
600252.SH,20260803,ENTERED,,,,,,20260812,2.29,20260813,FVG,,,2.2
600673.SH,20260803,WAIT_BREAK,,41,32.59,20260922,7.3,,,,,,,30.37
688381.SH,20260803,DROPPED,retrace_fail_close_below_L,,,,,20260907,37.98,,,,,41.4
301252.SZ,20260804,DROPPED,no_retrace_20bar,,,,,20260804,29.31,,,,,35.86
301322.SZ,20260804,ENTERED,,,,,,20260805,35.46,20260806,LEVEL,,,42.42
300184.SZ,20260805,WAIT_BREAK,,39,12.49,20260921,14.2,,,,,,,10.94
601006.SH,20260805,ENTERED,,,,,,20260903,4.82,20260904,OB,,,4.74
002787.SZ,20260806,DROPPED,retrace_fail_close_below_L,,,,,20260812,21.93,,,,,25.51
300687.SZ,20260806,ENTERED,,,,,,20260806,22.58,20260810,FVG,,,28.38
301360.SZ,20260806,DROPPED,no_retrace_20bar,,,,,20260806,48.84,,,,,59.62
301396.SZ,20260806,ENTERED,,,,,,20260814,207.96,20260817,OB,,,155.92
603091.SH,20260806,DROPPED,retrace_fail_close_below_L,,,,,20260817,50.74,,,,,45.32
600673.SH,20260807,WAIT_BREAK,,37,32.59,20260922,7.3,,,,,,,30.37
603950.SH,20260807,ENTERED,,,,,,20260817,63.36,20260818,LEVEL,,,51.72
688766.SH,20260810,ENTERED,,,,,,20260817,423.74,20260819,OB,,,356.64
688755.SH,20260803,ENTERED,,,,,,20260807,25.94,20260908,LEVEL,,,30.24
300802.SZ,20260805,DROPPED,retrace_fail_close_below_L,,,,,20260817,23.47,,,,,24.1
688755.SH,20260805,ENTERED,,,,,,20260807,25.94,20260908,LEVEL,,,30.24
603950.SH,20260806,ENTERED,,,,,,20260817,63.36,20260818,LEVEL,,,51.72
001227.SZ,20260807,ENTERED,,,,,,20260826,2.16,20260827,OB,,,2.11
688716.SH,20260807,ENTERED,,,,,,20260807,26.66,20260811,OB,,,25.52
000932.SZ,20260810,WAIT_BREAK,,36,3.62,20260922,2.3,,,,,,,3.54
002722.SZ,20260824,WAIT_BREAK,,26,13.4,20260924,2.1,,,,,,,13.13
300192.SZ,20260812,DROPPED,no_retrace_20bar,,,,,20260812,13.75,,,,,23.42
300002.SZ,20260813,WAIT_BREAK,,33,8.3,20260922,5.2,,,,,,,7.89
