layer,kind,dir,idx,date,break_price,pivot_idx,pivot_date,pivot_price,pivot_label,old_trend,new_trend,mss
ob,OB,bear,10,20230428,,6,20230424,1549.668,L,,BOS,
swing,BOS,bear,21,20230518,1539.668,6,20230424,1549.668,L,unknown,bearish,False
ob,OB,bear,24,20230523,,22,20230519,1504.218,LL,,BOS,
swing,BOS,bear,30,20230531,1477.568,22,20230519,1504.218,LL,bearish,bearish,False
ob,OB,bull,31,20230601,,24,20230523,1602.668,LH,,CHOCH,
internal,MSS_CAND,bull,38,20230612,1544.668,34,20230606,1532.668,LH,bearish,bullish,True
swing,CHOCH,bull,41,20230615,1603.668,24,20230523,1602.668,LH,bearish,bullish,True
ob,OB,bull,55,20230707,,52,20230704,1609.019,LH,,BOS,
swing,BOS,bull,59,20230713,1612.979,52,20230704,1609.019,LH,bullish,bullish,False
ob,OB,bear,111,20230925,,106,20230918,1647.579,HL,,CHOCH,
swing,CHOCH,bear,116,20231010,1644.579,106,20230918,1647.579,HL,bullish,bearish,False
ob,OB,bear,146,20231121,,145,20231120,1611.239,HL,,BOS,
swing,BOS,bear,156,20231205,1583.579,145,20231120,1611.239,HL,bearish,bearish,False
ob,OB,bear,174,20231229,,165,20231218,1509.579,LL,,BOS,
swing,BOS,bear,186,20240117,1470.685,165,20231218,1509.579,LL,bearish,bearish,False
internal,MSS_CAND,bull,194,20240129,1543.685,189,20240122,1536.685,LH,bearish,bullish,True
ob,OB,bull,198,20240202,,194,20240129,1554.265,LH,,CHOCH,
swing,CHOCH,bull,200,20240206,1569.685,194,20240129,1554.265,LH,bearish,bullish,True
ob,OB,bull,204,20240220,,203,20240219,1631.615,HH,,BOS,
swing,BOS,bull,219,20240312,1638.685,203,20240219,1631.615,HH,bullish,bullish,False
ob,OB,bear,235,20240403,,228,20240325,1574.265,HL,,CHOCH,
swing,CHOCH,bear,236,20240408,1560.345,228,20240325,1574.265,HL,bullish,bearish,False
ob,OB,bull,240,20240412,,235,20240403,1633.125,LH,,CHOCH,
internal,MSS_CAND,bull,253,20240506,1653.885,235,20240403,1633.125,LH,bearish,bullish,True
swing,CHOCH,bull,253,20240506,1653.885,235,20240403,1633.125,LH,bearish,bullish,True
ob,OB,bear,263,20240520,,261,20240516,1583.685,HL,,CHOCH,
swing,CHOCH,bear,267,20240524,1570.765,261,20240516,1583.685,HL,bullish,bearish,False
ob,OB,bull,298,20240709,,294,20240703,1437.571,LH,,CHOCH,
swing,CHOCH,bull,306,20240719,1450.181,294,20240703,1437.571,LH,bearish,bullish,False
ob,OB,bear,307,20240722,,298,20240709,1334.661,LL,,CHOCH,
internal,MSS_CAND,bear,312,20240729,1322.581,298,20240709,1334.661,LL,bullish,bearish,True
swing,CHOCH,bear,312,20240729,1322.581,298,20240709,1334.661,LL,bullish,bearish,True
ob,OB,bear,337,20240902,,334,20240828,1299.561,HL,,BOS,
swing,BOS,bear,345,20240912,1259.621,334,20240828,1299.561,HL,bearish,bearish,False
ob,OB,bull,348,20240919,,336,20240830,1382.631,LH,,CHOCH,
internal,MSS_CAND,bull,353,20240926,1453.561,336,20240830,1382.631,LH,bearish,bullish,True
swing,CHOCH,bull,353,20240926,1453.561,336,20240830,1382.631,LH,bearish,bullish,True
ob,OB,bull,373,20241031,,371,20241029,1504.561,LH,,BOS,
swing,BOS,bull,378,20241107,1573.701,371,20241029,1504.561,LH,bullish,bullish,False
ob,OB,bear,379,20241108,,373,20241031,1444.561,HL,,CHOCH,
internal,MSS_CAND,bear,389,20241122,1432.381,373,20241031,1444.561,HL,bullish,bearish,True
swing,CHOCH,bear,389,20241122,1432.381,373,20241031,1444.561,HL,bullish,bearish,True
ob,OB,bull,399,20241206,,394,20241129,1479.561,LH,,CHOCH,
internal,MSS_CAND,bull,403,20241212,1490.361,394,20241129,1479.561,LH,bearish,bullish,True
swing,CHOCH,bull,403,20241212,1490.361,394,20241129,1479.561,LH,bearish,bullish,True
ob,OB,bear,407,20241218,,405,20241216,1435.271,HL,,CHOCH,
internal,MSS_CAND,bear,417,20250102,1436.443,410,20241223,1465.443,HL,bullish,bearish,True
swing,CHOCH,bear,418,20250103,1423.443,405,20241216,1435.271,HL,bullish,bearish,True
ob,OB,bear,429,20250120,,424,20250113,1370.453,LL,,BOS,
swing,BOS,bear,435,20250205,1352.243,424,20250113,1370.453,LL,bearish,bearish,False
ob,OB,bull,436,20250206,,429,20250120,1438.233,LH,,CHOCH,
swing,CHOCH,bull,445,20250219,1439.443,429,20250120,1438.233,LH,bearish,bullish,False
ob,OB,bull,455,20250305,,452,20250228,1476.823,HH,,BOS,
swing,BOS,bull,459,20250311,1497.123,452,20250228,1476.823,HH,bullish,bullish,False
internal,MSS_CAND,bear,473,20250331,1509.443,468,20250324,1510.823,HL,bullish,bearish,True
ob,OB,bear,502,20250515,,493,20250429,1480.463,HL,,CHOCH,
swing,CHOCH,bear,513,20250530,1470.443,493,20250429,1480.463,HL,bullish,bearish,False
ob,OB,bull,544,20250715,,542,20250711,1434.043,HH,,CHOCH,
swing,CHOCH,bull,549,20250722,1441.023,542,20250711,1434.043,HH,bearish,bullish,False
ob,OB,bull,565,20250813,,564,20250812,1441.113,LH,,BOS,
swing,BOS,bull,573,20250825,1466.373,564,20250812,1441.113,LH,bullish,bullish,False
ob,OB,bull,576,20250828,,573,20250825,1472.043,HH,,BOS,
swing,BOS,bull,583,20250908,1477.273,573,20250825,1472.043,HH,bullish,bullish,False
ob,OB,bear,587,20250912,,576,20250828,1414.813,HL,,CHOCH,
internal,MSS_CAND,bear,593,20250922,1429.393,581,20250904,1436.513,HL,bullish,bearish,True
swing,CHOCH,bear,597,20250926,1411.043,576,20250828,1414.813,HL,bullish,bearish,True
ob,OB,bull,602,20251013,,598,20250929,1446.033,LH,,CHOCH,
swing,CHOCH,bull,605,20251016,1460.953,598,20250929,1446.033,LH,bearish,bullish,False
ob,OB,bear,628,20251118,,619,20251105,1396.053,HL,,CHOCH,
swing,CHOCH,bear,642,20251208,1394.263,619,20251105,1396.053,HL,bullish,bearish,False
ob,OB,bull,659,20251231,,647,20251215,1416.033,LH,,CHOCH,
swing,CHOCH,bull,660,20260105,1426.0,647,20251215,1416.033,LH,bearish,bullish,False
ob,OB,bear,661,20260106,,659,20251231,1377.17,HL,,CHOCH,
swing,CHOCH,bear,670,20260119,1376.0,659,20251231,1377.17,HL,bullish,bearish,False
ob,OB,bull,677,20260128,,661,20260106,1436.97,HH,,CHOCH,
swing,CHOCH,bull,678,20260129,1437.72,661,20260106,1436.97,HH,bearish,bullish,False
ob,OB,bear,732,20260424,,727,20260417,1399.87,HL,,CHOCH,
swing,CHOCH,bear,736,20260430,1384.79,727,20260417,1399.87,HL,bullish,bearish,False
