file,version,size,date,decision,n,wr,avg_pnl,detail
full_sync_closure_20260619.json,?,5215,2026-06-19T12:59:58,,195,,,
production_closure_and_backtest_gap_audit_20260618.json,?,21128,2026-06-18 audit rerun,,172,88.95,3.9271,
smc_signal_engine_diff_audit.json,?,20107,,,,,,
v104_strict_reclaim_closure_20260618.json,104,15408,2026-06-19T10:13:02,不晋级：语义顺序已修正(entry_before_reclaim=0)，但全市场胜率/月度稳定性未达生产门禁；最佳简单ex-ante子集样本仅61笔且月度稳定不足。,487,54.62,0.4248,
v105_matrix_closure_20260618.json,105,5015,,唯一通过70%/稳定月的矩阵依赖0.6R微止盈+0.75倍收紧SL+13bar超时；TP_R<1且不是SMC结构目标，违反用户对结构TP/SL的硬偏好，不能作为生产晋级依据。TP_R>=1的候选为0。,82,43.9,-0.9867,
v106_market_env_gate_matrix_20260618.json,106,135144,,,150,68.0,2.0879,
v106_signal_layer_structure_gate_matrix_20260618.json,106,181185,,,203,62.07,1.2962,
v106_signal_market_closure_20260618.json,106,29087,,,487,54.62,0.4248,
v107_tradeable_regime_audit_20260619.json,107,33340,,RESEARCH_ONLY_NOT_PROMOTED,487,54.62,0.4248,
v107b_signal_semantic_audit_20260619.json,107b,50877,,RESEARCH_ONLY_NOT_PROMOTED,143,69.93,2.1987,
v109_closure_verification_20260619.json,109,9268,2026-06-19T18:04:28,RESEARCH_ONLY_NOT_PROMOTED,87,62.07,1.3004,
v110_range_transition_dedup_failure_audit_20260619.json,110,27476,,RESEARCH_ONLY_NOT_PROMOTED,65,63.08,1.3942,
v111_wait_structure_ontology_audit_20260619.json,111,18475,,RESEARCH_ONLY_NOT_PROMOTED,20,80.0,3.0172,
v112_range_transition_generator_audit_20260619.json,112,37002,,RESEARCH_ONLY_NOT_PROMOTED,238,50.84,-0.0612,
v113_mature_transition_loss_audit_20260619.json,113,9177,,RESEARCH_ONLY_NOT_PROMOTED,18,77.78,3.3114,
v114_fvg_demand_source_audit_20260619.json,114,24001,,RESEARCH_ONLY_NOT_PROMOTED,18,77.78,3.3114,
v115_fvg_source_label_fullsample_audit_20260619.json,115,243489,,RESEARCH_ONLY_NOT_PROMOTED,182,52.2,0.0899,
v116_source_quality_gate_simulation_20260619.json,116,150370,2026-06-19T19:34:04,RESEARCH_ONLY_GATE_DIRECTION_VALIDATED_NOT_PROMOTED,182,52.2,0.0899,
v117_source_gate_shadow_contract_audit_20260619.json,117,11257,2026-06-19T19:54:22,RESEARCH_ONLY_SHADOW_CONTRACT_BLOCKED_FIELD_PROPAGATION_REQUIRED,372,56.72,0.6533,
v231_daily_current_shadow_audit_latest.json,231,1190,2026-07-14T09:48:19,V231_NO_CURRENT_ACTIONABLE_ROWS__KEEP_SHADOW_MONITORING_NO_WRITE,,,,
v236_daily_current_shadow_audit_latest.json,236,1667,2026-07-14T09:48:37,V236_CURRENT_ACTIONABLE_ROWS_FOUND__SHADOW_ONLY_ENDPOINT_MAPPING_NEXT,,,,
v236_v235_independent_audit_current_smoke_latest.json,236,3160,2026-06-27T11:50:05,V236_HISTORICAL_PASS__NO_CURRENT_ACTIONABLE_OR_GATE_FAIL,521,91.7466,7.0991,
v237_post_v236_loss_and_scalar_closure_latest.json,237,10802,2026-06-29T10:18:17,V237_SCALAR_PAIR_PRUNING_CLOSED__NO_POST_V236_PRODUCTION_GATE_PASS,558,92.2939,7.2448,
v243_v239_exit_replay_latest.json,243,1487,2026-07-01T09:29:02,V243_EXIT_REPLAY_NO_PRODUCTION_PASS__FAILURE_IS_SIGNAL_YEAR_FLOOR_NOT_EXIT_PARAMETERS,565,93.0973,7.6021,
v246_daily_current_shadow_audit_latest.json,246,1430,2026-07-14T09:49:46,V246_NO_CURRENT_ACTIONABLE_ROWS__KEEP_SHADOW_MONITORING_NO_WRITE,,,,
v248_v246_independent_audit_latest.json,248,5340,2026-07-01T17:29:19,V248_V246_HISTORICAL_GATE_PASS_WITH_LOCAL_STABILITY_RISK__NO_WRITE__CURRENT_SCANNER_STILL_REQUIRED,573,94.4154,7.6022,
v251_research_direction_closure_latest.json,251,8898,2026-07-01T21:18:10,V251_CLOSE_FILTER_RESEARCH__DO_NOT_PROMOTE_V246_YET__NEXT_STEP_MUST_BE_NEW_SUPPLY_OR_EXECUTION_MECHANISM_NOT_MORE_LOCAL_FILTERING,573,94.4154,7.6022,
v253_bear_demand_replay_exit_probe_latest.json,253,10563,2026-07-01T21:29:57,V253_REPLAY_EXIT_NOT_USEFUL__DO_NOT_CONTINUE_LOCAL_EXIT_ONLY,573,94.4154,7.6022,
v260_v259_independent_audit_current_smoke_latest.json,260,5180,2026-07-02T09:35:05,,41,90.2439,8.2958,
v261_current_supply_mismatch_closure_latest.json,261,28006,2026-07-02T09:43:32,NO_PROMOTION__CURRENT_COMPATIBLE_RULES_WITH_REAL_CURRENT_HITS_DO_NOT_PASS_PRODUCTION__V259_HISTORICAL_PASS_IS_SHADOW_ONLY,,,,
v275_temporal_sequence_signature_audit_latest.json,275,71577,2026-07-02T16:35:53,NO_PRODUCTION_WRITE__TEMPORAL_COMBO_PARAM_AUDIT_ONLY,26402,43.4929,0.0843,
v313_v185_active_pick_lifecycle_audit_latest.json,313,845,2026-07-07T09:31:02,NO_ACTIVE_ROWS,,,,
v314_v185_active_executable_exit_audit_latest.json,314,953,2026-07-07T09:31:02,NO_MECHANICAL_CLOSE_REQUIRED_NO_WRITE,,,,
v327_v326_current_candidate_executable_replay_latest.json,327,27908,2026-07-09T15:34:16,V327_OPEN_CURRENT_ROWS_REQUIRE_ENDPOINT_MAPPING_SMOKE__NO_WRITE,,,,
v328_current_supply_gap_relaxed_gate_latest.json,328,98275,2026-07-09T15:10:19,V328_NO_RELAXED_ROUTE_PASSES_HISTORICAL_GATE_AND_HAS_OPEN_CURRENT_SUPPLY__KEEP_V185,570,93.0,7.6,
v339_conservative_samebar_audit_latest.json,339,1661,2026-07-09T17:22:25,V339_CONSERVATIVE_PASS__READY_FOR_SHADOW_PROMOTION_REVIEW,570,93.0,7.6,
v344_v343_robustness_audit_latest.json,344,4736,2026-07-10T06:58:46,V344_ROBUSTNESS_FAIL__DO_NOT_PROMOTE_UNTIL_FIXES,744,95.8333,7.7639,
v346_v343_failure_closure_latest.json,346,2602,2026-07-10T13:51:21,V344_ROBUSTNESS_FAIL__DO_NOT_PROMOTE_UNTIL_FIXES || V343_REMAINS_RESEARCH_SHADOW__DO_NOT_PROMOTE__EXIT_TUNING_EXHAUSTED,13,84.62,4.4971,
v351_semantic_oracle_latest.json,351,1306,2026-07-11T05:37:39,SEMANTIC_ORACLE_READY__LIFECYCLE_REBUILD_NEXT,,,,
v356_historical_lifecycle_effect_report.json,356,26699,,,,,,
v356_independent_semantic_oracle_latest.json,356,2710,2026-07-11T05:43:35,SEMANTIC_DIFFERENTIAL_PASS__LIFECYCLE_INPUT_CONTRACT_CONFIRMED,,,,
v357_persistent_takeover_daily_t1_replay_latest.json,357,10566,2026-07-11T09:14:06,,51332,,,
v358_unique_persistent_takeover_daily_t1_replay_latest.json,358,10616,2026-07-11T11:20:54,,38480,,,
v359_persistent_takeover_semantic_failure_audit_latest.json,359,5928,2026-07-11T11:24:07,,17,,,
v360_canonical_persistent_takeover_daily_t1_replay_latest.json,360,3415,2026-07-12T12:40:14,CANONICAL_CONTINUATION_FAIL__NO_PROMOTION,13761,,,
v360_persistent_takeover_stability_gate_audit_no_write.json,360,20446,,RESEARCH_GATE_CANDIDATES_ONLY__REQUIRES_INDEPENDENT_REPLAY,38480,72.23,0.182,
v361_pre_entry_gate_grid_audit_no_write.json,361,30280,,CANDIDATE_RESEARCH_ONLY_REQUIRES_INDEPENDENT_GENERATOR_REPLAY,4146,77.06,0.504,
v361_visible_conjunction_gate_stability_no_write.json,361,25687,,RESEARCH_CANDIDATES_FOUND__NEED_INDEPENDENT_CONSTRUCTIVE_REPLAY,38480,72.23,0.1822,
v362_candidate_gate_chrono_robustness_no_write.json,362,16236,,NO_PRODUCTION_PROMOTION__CANDIDATE_GATE_HAS_CHRONO_STRESS_FAILURES,4146,77.06,0.504,
v363_visible_gate_walk_forward_stress_no_write.json,363,22621,,NO_PRODUCTION_PROMOTION__ALL_WALK_FORWARD_SELECTED_GATES_OR_ROLLING_STRESS_FAIL,1222,75.53,0.9505,
v364_top_visible_gate_semantic_deployability_no_write.json,364,3752,,REJECT_AS_PRODUCTION_GATE__statistical_survival_does_not_override_semantic_mismatch_and_thin_boundary_year_samples,539,,,
v365_v333_rule_walkforward_closure_latest.json,365,22316,2026-07-11T19:21:57,RESEARCH_CANDIDATE_ONLY__REQUIRES_INDEPENDENT_SEMANTIC_REDERIVATION,120,90.0,7.0,
v366_v365_candidate_causality_audit_latest.json,366,1687,2026-07-11T19:24:35,REJECT_V365_APPARENT_SURVIVOR__ENTRY_PRECEDES_ITS_REQUIRED_TAKEOVER_CONFIRMATION__FUTURE_DATA_CONTAMINATION,402,,,
v368_v367_independent_causality_audit_latest.json,368,695,2026-07-12T15:01:23,CAUSALITY_PASS__V367_ENTRY_AND_T1_CONTRACT_HOLD,11149,,,
v379_sina_m60_raw_daily_data_gate_latest.json,379,2071,2026-07-12T10:36:39,DATA_GATE_PASS__RAW_DAILY_SEMANTIC_ORACLE_ALLOWED,,,,
v380_raw_daily_independent_semantic_oracle_latest.json,380,2203,2026-07-12T11:03:41,SEMANTIC_DIFFERENTIAL_PASS__MTF_REPLAY_ALLOWED,,,,
v381_true_mtf_raw_daily_poi_m60_replay_latest.json,381,1720,2026-07-12T11:11:19,NO_PRODUCTION_PASS__TRUE_MTF_BRANCH_CLOSED,4832,35.3891,-0.1562,
v382_pit_cross_sectional_participation_gate_latest.json,382,1227,2026-07-12T11:23:12,PIT_CONTEXT_DATA_GATE_PASS__OUTCOME_BLIND_REPLAY_ALLOWED,,,,
v383_pit_participation_outcome_replay_latest.json,383,3971,2026-07-12T11:23:55,NO_CONTEXT_INFORMATION__CROSS_SECTIONAL_STATE_BRANCH_CLOSED,4832,35.3891,-0.1562,
v384_pit_behavior_cohort_data_gate_latest.json,384,1195,2026-07-12T11:27:36,PIT_BEHAVIOR_COHORT_GATE_PASS__OUTCOME_REPLAY_ALLOWED,,,,
v385_pit_behavior_cohort_outcome_replay_latest.json,385,3895,2026-07-12T11:28:39,NO_CONTEXT_INFORMATION__BEHAVIOR_COHORT_BRANCH_CLOSED,4832,35.3891,-0.1562,
v386_pit_disclosure_availability_latest.json,386,1044,2026-07-12T12:23:56,PIT_DISCLOSURE_AVAILABILITY_PASS__OUTCOME_BLIND_EVENT_SCHEMA_ALLOWED,,,,
v387_pit_disclosure_event_schema_latest.json,387,1872,2026-07-12T12:25:41,PIT_DISCLOSURE_SCHEMA_PASS__OUTCOME_BLIND_REPLAY_ALLOWED,,,,
v388_pit_disclosure_outcome_replay_latest.json,388,6463,2026-07-12T12:31:01,DISCLOSURE_CONTEXT_INFORMATION_FOUND__CANDIDATE_LEVEL_REPLAY_REQUIRED,4832,35.3891,-0.1562,
v389_pit_disclosure_exact_window_schema_latest.json,389,1914,2026-07-12T12:33:12,PIT_DISCLOSURE_EXACT_WINDOW_PASS__OUTCOME_REPLAY_ALLOWED,,,,
v390_pit_disclosure_exact_window_outcome_replay_latest.json,390,6452,2026-07-12T14:50:30,NO_CONTEXT_INFORMATION__EXACT_WINDOW_DISCLOSURE_BRANCH_CLOSED,4832,35.3891,-0.1562,
v391_pit_fundamental_disclosure_walkforward_latest.json,391,4707,2026-07-12T14:51:54,FUNDAMENTAL_DISCLOSURE_ASSOCIATION_REAL_BUT_INSUFFICIENT_FOR_PROMOTION__BRANCH_CLOSED,4832,35.3891,-0.1562,
v392_pit_disclosure_window_robustness_latest.json,392,28781,2026-07-12T14:55:36,WINDOW_ROBUSTNESS_DATA_GATE_FAIL__STOP,4832,35.3891,-0.1562,
v394_pit_lhb_outcome_replay_latest.json,394,3791,2026-07-12T15:26:24,NO_CONTEXT_INFORMATION__LHB_BRANCH_CLOSED,4832,35.3891,-0.1562,
v403_pit_shareholder_frozen_outcome_replay_latest.json,403,24572,2026-07-12T20:02:47,PIT_HOLDER_FEATURES_NO_DISCOVERY_PASS__CLOSE_HOLDER_BRANCH,4807,,,
v405_pit_block_trade_frozen_outcome_replay_latest.json,405,10572,2026-07-12T20:21:21,NO_CONTEXT_INFORMATION__BLOCK_TRADE_BRANCH_CLOSED,4832,,,
v410_frozen_combo_t1_mark_replay_latest.json,410,3291,2026-07-13T10:57:28,FROZEN_COMBO_QUALITY_READY__REQUIRE_YEARLY_STABILITY_AND_INDEPENDENT_SEMANTIC_AUDIT_BEFORE_PROMOTION,564,,,
v413_research_program_closure_latest.json,413,10537,2026-07-21T10:38:38,,,,,
v415_v352_to_v359_research_lineage_closure_no_write.json,415,2228,,"CLOSE_V352_LINE__V352 is an independently reproducible upstream lifecycle rerun of the V354→V358→V359 research line, not a new eligible generator. A second outcome replay would violate the frozen single-replay rule.",,,,
v415_v352_to_v360_research_lineage_closure_no_write.json,415,2730,,,300,,,
v416_structure_flip_frozen_t1_replay_latest.json,416,7341,2026-07-15T22:01:04,REPLAY_COMPLETE__RUN_STABILITY_AND_MECHANISM_AUDIT,79303,,,
v417_strict_semantic_frozen_t1_replay_latest.json,417,10311,2026-07-13T20:24:54,STRICT_SEMANTIC_COMBINATION_DIAGNOSTIC_COMPLETE__DO_NOT_PROMOTE_UNLESS_FROZEN_ANNUAL_GATE_PASSES,172,,,
v418_post_reclaim_expansion_frozen_t1_replay_latest.json,418,7384,2026-07-15T22:01:42,REPLAY_COMPLETE__RUN_STABILITY_AND_MECHANISM_AUDIT,36324,,,
v418_strict_semantic_closure_correction_latest.json,418,1460,2026-07-13T20:26:20,STRICT_SEMANTIC_DAILY_CAUSAL_COMBINATIONS_CLOSED__0_OF_6_FROZEN_ANNUAL_GATES_PASS__NO_THRESHOLD_WINDOW_OR_EXIT_MINING__NO_PRODUCTION_PROMOTION,,,,
v419_strict_semantic_replay_integrity_latest.json,419,1395,2026-07-13T20:34:38,INTEGRITY_PASS__V417_STRICT_SEMANTIC_RESULTS_ARE_CAUSAL_AND_T1_ALIGNED,,,,
v419_structure_flip_expansion_closure_latest.json,419,4897,2026-07-15T22:05:23+08:00,CLOSE_STRUCTURE_FLIP_BRANCH__EXPANSION_IMPROVES_SIGNAL_WIN_RATE_BUT_NOT_ECONOMICS,21109,,,
v421_eql_pool_reversal_frozen_t1_replay_latest.json,421,4136,2026-07-13T20:57:04,R3_INSUFFICIENT_FULL_HISTORY_SUPPORT__NO_PROMOTION_OR_THRESHOLD_MINING,11,,,
v421_eql_spring_frozen_structural_replay_latest.json,421,3506,2026-07-15T07:47:13,RESEARCH_ONLY__ASSESS_ECONOMIC_AND_YEARLY_STABILITY_BEFORE_ANY_PROMOTION,169,,-0.8013,
v421_r3_eql_pool_supply_closure_latest.json,421,1236,,R3_EQL_POOL_SSL_CHOCH_DEMAND_OB_CLOSED__SEMANTICALLY_VALID_BUT_INSUFFICIENT_SUPPLY__NO_THRESHOLD_OR_WINDOW_RELAXATION,,,,
v422_pure_structure_closure_latest.json,422,543,,LOCAL_DAILY_PURE_STRUCTURE_FRONTIER_CLOSED__NO_PROMOTION__DO_NOT_REOPEN_R1_R2_C1_R3_WITH_THRESHOLD_WINDOW_OR_EXIT_MINING,,,,
v423_failed_breakdown_frozen_replay_latest.json,423,3569,2026-07-15T07:49:49,RESEARCH_ONLY__ASSESS_ECONOMIC_AND_YEARLY_STABILITY_BEFORE_ANY_PROMOTION,26215,,-0.8558,
v424_failed_breakdown_hierarchical_replay_latest.json,424,3618,2026-07-15T07:52:00,RESEARCH_ONLY__ASSESS_ECONOMIC_AND_YEARLY_STABILITY_BEFORE_ANY_PROMOTION,26199,,-0.4846,
v425_range_accumulation_breaker_frozen_t1_replay_latest.json,425,4279,2026-07-13T21:14:41,R4_FROZEN_DIAGNOSTIC_COMPLETE__PROMOTION_ONLY_IF_ANNUAL_GATE_PASSES,2022,,,
v426_r4_range_accumulation_breaker_closure_latest.json,426,3047,2026-07-13T21:15:30+08:00,R4_CLOSED_ECONOMIC__0_OF_2_FROZEN_HORIZONS_PASS__DO_NOT_REOPEN_WITH_RANGE_WIDTH_SWEEP_DEPTH_HOLDING_PERIOD_STOP_TARGET_OR_THRESHOLD_MINING__NO_PRODUCTION_PROMOTION,2022,,,
v429_po3_breaker_frozen_t1_replay_latest.json,429,4138,2026-07-13T21:26:45,R5_FROZEN_DIAGNOSTIC_COMPLETE__PROMOTION_ONLY_IF_ANNUAL_GATE_PASSES,395,,,
v430_local_daily_pure_structure_r4_r5_closure_latest.json,430,3016,2026-07-13T21:27:15+08:00,,,,,
v431_local_daily_structure_frontier_closure_latest.json,431,2801,2026-07-14T07:35:47,LOCAL_DAILY_PURE_STRUCTURE_RESEARCH_COMPLETE__NO_DEFINED_LEGAL_NEXT_REPLAY,,,,
v435_supply_failure_breaker_independent_oracle_latest.json,435,1326,2026-07-14T10:48:51,INDEPENDENT_SEMANTIC_ORACLE_PASS__FROZEN_T1_REPLAY_NEXT,,,,
v436_supply_failure_breaker_frozen_t1_replay_latest.json,436,2958,2026-07-14T10:54:58,SUPPLY_FAILURE_BREAKER_ECONOMIC_GATE_FAIL__CLOSE_ONTOLOGY_NO_VARIANTS,68632,,,
v438_target_first_dol_independent_oracle_latest.json,438,1316,2026-07-14T13:24:49,INDEPENDENT_SEMANTIC_ORACLE_PASS__FROZEN_T1_REPLAY_NEXT,,,,
v439_target_first_dol_frozen_t1_replay_latest.json,439,2850,2026-07-14T13:28:04,TARGET_FIRST_DOL_ECONOMIC_GATE_FAIL__CLOSE_ONTOLOGY_NO_VARIANTS,28335,,,
v441_protected_swing_transfer_independent_oracle_latest.json,441,1189,2026-07-14T13:48:39,INDEPENDENT_SEMANTIC_ORACLE_PASS__FROZEN_T1_REPLAY_NEXT,,,,
v442_protected_swing_transfer_frozen_t1_replay_latest.json,442,2881,2026-07-14T13:51:38,PROTECTED_SWING_TRANSFER_ECONOMIC_GATE_FAIL__CLOSE_ONTOLOGY_NO_VARIANTS,19128,,,
v443_causal_production_rebuild_program_closure_latest.json,443,2814,2026-07-14T13:55:00,CAUSAL_PRODUCTION_REBUILD_COMPLETE__NO_PROMOTABLE_LOCAL_PURE_STRUCTURE_STRATEGY__KEEP_EMPTY_BOOK,27937,,,
v444_current_causal_production_closure_verification_latest.json,444,2009,2026-07-14T19:51:47+08:00,GOAL_COMPLETE__FAIL_CLOSED_CURRENT_DATA_PRODUCTION_CONTROL_VERIFIED__KEEP_EMPTY_BOOK,,,,
v448_ssl_bpr_independent_oracle_latest.json,448,956,2026-07-14T20:45:29,INDEPENDENT_SEMANTIC_ORACLE_PASS__FROZEN_REPLAY_ALLOWED,,,,
v449_ssl_bpr_frozen_t1_replay_latest.json,449,3815,2026-07-14T20:48:05,SSL_BPR_ECONOMIC_GATE_FAIL__CLOSE_ONTOLOGY_NO_VARIANTS,8719,55.0,0.5,
v451_local_pure_structure_new_directions_closure_latest.json,451,9997,,NEW_DIRECTIONS_TESTED__NO_PROMOTABLE_STRATEGY__CLOSE_BPR_AND_EQH_COMPRESSION_WITHOUT_VARIANTS,4243,54.2738,-0.1565,
v454_turtle_soup_independent_oracle_latest.json,454,976,2026-07-14T21:27:26,INDEPENDENT_ORACLE_PASS__FROZEN_T1_REPLAY_ALLOWED,,,,
v455_turtle_soup_frozen_t1_replay_latest.json,455,3860,2026-07-14T21:31:13,TURTLE_SOUP_ECONOMIC_GATE_FAIL__CLOSE_ONTOLOGY_NO_VARIANTS,208423,55.0,0.5,
v456_post_v451_pure_structure_direction_closure_latest.json,456,2900,2026-07-14T21:32:00,ADDITIONAL_DIRECTIONS_TESTED__NO_PROMOTABLE_STRATEGY,27611,70.6705,0.1977,
v458_weekly_rejection_block_independent_oracle_latest.json,458,1039,2026-07-14T23:34:57,WEEKLY_REJECTION_BLOCK_ORACLE_PASS__FROZEN_T1_REPLAY_ALLOWED,,,,
v459_weekly_rejection_block_frozen_t1_replay_latest.json,459,3983,2026-07-14T23:38:14,WEEKLY_REJECTION_BLOCK_ECONOMIC_GATE_FAIL__CLOSE_ONTOLOGY_NO_VARIANTS,38787,55.0,0.5,
v460_weekly_rejection_block_direction_closure_latest.json,460,3166,2026-07-14T23:39:06+08:00,WEEKLY_REJECTION_BLOCK_ECONOMIC_GATE_FAIL__CLOSE_ONTOLOGY_NO_VARIANTS,38787,56.8055,0.5351,
v462_market_smt_independent_oracle_latest.json,462,1357,2026-07-15T06:56:04,MARKET_SMT_INDEPENDENT_ORACLE_PASS__FROZEN_T1_REPLAY_NEXT,,,,
v463_market_smt_frozen_t1_replay_latest.json,463,6361,2026-07-15T06:57:09,MARKET_SMT_ECONOMIC_GATE_FAIL__CLOSE_ONTOLOGY_NO_VARIANTS,67408,55.0,0.5,
v464_market_smt_direction_closure_latest.json,464,5373,2026-07-15T06:58:33,MARKET_SMT_CAUSAL_BUT_ECONOMICALLY_WORSE__CLOSE_ONTOLOGY_NO_VARIANTS,67408,71.1178,-0.1742,
v466_industry_smt_independent_oracle_latest.json,466,1435,2026-07-15T07:37:02,INDUSTRY_SMT_INDEPENDENT_ORACLE_PASS__FROZEN_T1_REPLAY_NEXT,,,,
v467_industry_smt_frozen_t1_replay_latest.json,467,7049,2026-07-15T07:38:41,INDUSTRY_SMT_ECONOMIC_GATE_FAIL__CLOSE_ONTOLOGY_NO_VARIANTS,58489,55.0,0.5,
v468_industry_smt_direction_closure_latest.json,468,5549,2026-07-15T07:39:48,INDUSTRY_SMT_CAUSAL_BUT_ECONOMICALLY_NEGATIVE__CLOSE_ONTOLOGY_NO_VARIANTS,58489,71.715,-0.1207,
v470_industry_lead_stock_lag_oracle_latest.json,470,1195,2026-07-15T08:03:25,INDUSTRY_LEAD_STOCK_LAG_ORACLE_PASS__FROZEN_T1_REPLAY_NEXT,,,,
v471_industry_lead_stock_lag_frozen_t1_replay_latest.json,471,7092,2026-07-15T08:04:29,INDUSTRY_LEAD_STOCK_LAG_ECONOMIC_GATE_FAIL__CLOSE_ONTOLOGY_NO_VARIANTS,32559,55.0,0.5,
v472_industry_lead_stock_lag_closure_latest.json,472,6954,2026-07-15T08:05:17,TEMPORAL_INDUSTRY_LEAD_HAS_REAL_AGGREGATE_INFORMATION_BUT_FAILS_ALL_YEAR_STABILITY__CLOSE_NO_VARIANTS,32559,71.3478,0.7101,
v474_inducement_sweep_oracle_latest.json,474,916,2026-07-15T08:34:16,INDEPENDENT_ORACLE_PASS__FROZEN_T1_REPLAY_ALLOWED,,,,
v475_inducement_sweep_frozen_t1_replay_latest.json,475,3879,2026-07-15T08:34:36,INDUCEMENT_SWEEP_ECONOMIC_GATE_FAIL__CLOSE_ONTOLOGY_NO_VARIANTS,6223,55.0,0.5,
v476_inducement_sweep_direction_closure_latest.json,476,5984,2026-07-15T08:35:31,INTERNAL_INDUCEMENT_SWEEP_HAS_HIGH_HEADLINE_WR_BUT_FAILS_PAYOFF_AND_ALL_YEAR_EXPECTANCY__CLOSE_NO_VARIANTS,6223,74.3983,0.0744,
v478_double_ssl_absorption_oracle_latest.json,478,1024,2026-07-15T09:42:28,DOUBLE_SSL_ABSORPTION_ORACLE_PASS__FROZEN_T1_REPLAY_ALLOWED,,,,
v479_double_ssl_absorption_frozen_t1_replay_latest.json,479,3906,2026-07-15T09:44:27,DOUBLE_SSL_ABSORPTION_ECONOMIC_GATE_FAIL__INDEPENDENT_METRIC_AUDIT_THEN_CLOSE,24236,55.0,0.5,
v480_double_ssl_absorption_direction_closure_latest.json,480,5388,2026-07-15T09:46:45,DOUBLE_SSL_ABSORPTION_IMPROVES_SINGLE_RAID_BUT_FAILS_PAYOFF_PF_AND_ALL_YEAR_EXPECTANCY__CLOSE_NO_VARIANTS,24236,74.0767,0.218,
v482_two_sided_liquidity_purge_oracle_latest.json,482,1039,2026-07-15T10:01:22,TWO_SIDED_PURGE_ORACLE_PASS__FROZEN_T1_REPLAY_ALLOWED,,,,
v483_two_sided_liquidity_purge_frozen_t1_replay_latest.json,483,4051,2026-07-15T10:03:08,TWO_SIDED_PURGE_ECONOMIC_GATE_FAIL__INDEPENDENT_METRIC_AUDIT_THEN_CLOSE,12311,55.0,0.5,
v484_two_sided_liquidity_purge_direction_closure_latest.json,484,5679,2026-07-15T10:07:54,TWO_SIDED_LIQUIDITY_PURGE_SEMANTICALLY_VALID_BUT_FAILS_EXPECTANCY_PF_AND_ALL_YEAR_STABILITY__CLOSE_NO_VARIANTS,12311,57.4648,0.1969,
v486_bsl_acceptance_retest_oracle_latest.json,486,1018,2026-07-15T10:22:24,BSL_ACCEPTANCE_ORACLE_PASS__FROZEN_T1_REPLAY_ALLOWED,,,,
v487_bsl_acceptance_retest_frozen_t1_replay_latest.json,487,4063,2026-07-15T10:24:54,BSL_ACCEPTANCE_ECONOMIC_GATE_FAIL__INDEPENDENT_METRIC_AUDIT_THEN_CLOSE,62567,55.0,0.5,
v488_bsl_acceptance_retest_direction_closure_latest.json,488,5523,2026-07-15T10:26:22,BSL_ACCEPTANCE_RETEST_IS_CAUSAL_BUT_NEGATIVE_AFTER_FEES_AND_UNSTABLE_BY_YEAR__CLOSE_NO_VARIANTS,62567,56.5756,-0.0402,
v490_weekly_bos_demand_transfer_oracle_latest.json,490,879,2026-07-15T11:15:28,WEEKLY_BOS_DEMAND_ORACLE_PASS__FROZEN_T1_REPLAY_ALLOWED,,,,
v491_weekly_bos_demand_transfer_frozen_t1_replay_latest.json,491,3916,2026-07-15T11:31:09,WEEKLY_BOS_DEMAND_ECONOMIC_GATE_FAIL__CLOSE_ONTOLOGY_NO_VARIANTS,58569,55.0,0.5,
v492_weekly_bos_demand_independent_metric_audit_latest.json,492,1272,,,57038,66.8905,0.3769,
v494_weekly_fvg_demand_transfer_oracle_latest.json,494,881,2026-07-15T13:30:42,WEEKLY_FVG_TRANSFER_ORACLE_PASS__FROZEN_T1_REPLAY_ALLOWED,,,,
v495_weekly_fvg_demand_transfer_frozen_t1_replay_latest.json,495,3919,2026-07-15T13:32:23,WEEKLY_FVG_TRANSFER_ECONOMIC_GATE_FAIL__CLOSE_ONTOLOGY_NO_VARIANTS,35781,55.0,0.5,
v496_weekly_fvg_demand_independent_metric_audit_latest.json,496,3279,,INDEPENDENT_METRIC_AND_CHRONOLOGY_PASS__ECONOMIC_FAILURE_CONFIRMED,34836,56.7028,0.3379,
v497_weekly_fvg_demand_transfer_direction_closure_latest.json,497,3779,2026-07-15T13:35:00,WEEKLY_FVG_TRANSFER_CAUSAL_BUT_FAILS_EXPECTANCY_PF_AND_ALL_YEAR_STABILITY__CLOSE_NO_VARIANTS,35781,56.7028,0.3379,
v499_weekly_breaker_daily_transfer_oracle_latest.json,499,900,2026-07-15T13:52:28,WEEKLY_BREAKER_TRANSFER_ORACLE_PASS__FROZEN_T1_REPLAY_ALLOWED,,,,
v500_weekly_breaker_daily_transfer_frozen_t1_replay_latest.json,500,3941,2026-07-15T21:22:03,WEEKLY_BREAKER_TRANSFER_ECONOMIC_GATE_FAIL__CLOSE_ONTOLOGY_NO_VARIANTS,67684,55.0,0.5,
v501_weekly_breaker_daily_transfer_independent_metric_audit_latest.json,501,3299,,INDEPENDENT_METRIC_AND_CHRONOLOGY_PASS__ECONOMIC_FAILURE_CONFIRMED,66285,67.4331,0.3782,
v501_weekly_breaker_independent_metric_audit_latest.json,501,3383,2026-07-15T20:13:17,WEEKLY_BREAKER_TRANSFER_VERIFIED_ECONOMIC_FAIL__CLOSE_ONTOLOGY_NO_VARIANTS,50605,68.1889,0.3668,
v502_weekly_breaker_daily_transfer_direction_closure_latest.json,502,5724,,WEEKLY_BREAKER_TRANSFER_CAUSAL_HIGH_WR_BUT_FAILS_EXPECTANCY_PAYOFF_PF_AND_ALL_YEAR_STABILITY__CLOSE_NO_VARIANTS,300,55.0,0.5,
v503_weekly_ssl_choch_demand_oracle_latest.json,503,1151,2026-07-15T14:12:41,WEEKLY_SSL_CHOCH_DEMAND_ORACLE_PASS__FROZEN_T1_REPLAY_ALLOWED,,,,
v504_weekly_ssl_choch_demand_frozen_t1_replay_latest.json,504,4135,2026-07-15T14:15:23,WEEKLY_SSL_CHOCH_DEMAND_ECONOMIC_GATE_FAIL__INDEPENDENT_METRIC_AUDIT_THEN_CLOSE,7415,55.0,0.5,
v505_weekly_ssl_choch_demand_metric_audit_latest.json,505,3491,2026-07-15T14:18:47,WEEKLY_SSL_CHOCH_DEMAND_VERIFIED_ECONOMIC_FAIL__CLOSE_ONTOLOGY_NO_VARIANTS,6843,72.0444,-0.0485,
v508_weekly_ifvg_support_oracle_latest.json,508,939,2026-07-15T15:08:43,WEEKLY_IFVG_SUPPORT_ORACLE_PASS__FROZEN_T1_REPLAY_ALLOWED,,,,
v509_weekly_ifvg_support_frozen_t1_replay_latest.json,509,3999,2026-07-15T15:11:20,WEEKLY_IFVG_SUPPORT_ECONOMIC_GATE_FAIL__INDEPENDENT_METRIC_AUDIT_THEN_CLOSE,30039,55.0,0.5,
v510_weekly_ifvg_support_metric_audit_latest.json,510,3368,2026-07-15T15:12:59,WEEKLY_IFVG_SUPPORT_VERIFIED_ECONOMIC_FAIL__CLOSE_ONTOLOGY_NO_VARIANTS,27827,58.9607,0.1387,
v512_weekly_bos_daily_ssl_reversal_oracle_latest.json,512,1220,2026-07-15T15:34:22,WEEKLY_BOS_DAILY_SSL_ORACLE_PASS__FROZEN_T1_REPLAY_ALLOWED,,,,
v513_weekly_bos_daily_ssl_reversal_frozen_t1_replay_latest.json,513,4198,2026-07-15T15:39:42,WEEKLY_BOS_DAILY_SSL_ECONOMIC_GATE_FAIL__INDEPENDENT_METRIC_AUDIT_THEN_CLOSE,7938,55.0,0.5,
v514_weekly_bos_daily_ssl_reversal_metric_audit_latest.json,514,3609,2026-07-15T15:43:11,WEEKLY_BOS_DAILY_SSL_VERIFIED_ECONOMIC_FAIL__CLOSE_ONTOLOGY_NO_VARIANTS,7387,64.1262,0.1247,
v516_local_structure_frontier_closure_latest.json,516,5399,2026-07-15T22:42:53,CURRENT_LOCAL_OHLCV_PURE_STRUCTURE_RESEARCH_COMPLETE__ZERO_ALL_YEAR_PROMOTION_PASS__STOP_STRATEGY_ITERATION,50401,60.727,0.5034,
v517_daily_effort_result_absorption_seed_gate_latest.json,517,2161,2026-08-14T16:23:58,V517_SUPPORT_PASS__INDEPENDENT_ORACLE_REQUIRED_BEFORE_SINGLE_FROZEN_T1_REPLAY,3389,,,
v517_frozen_replay_mechanism_diagnostic_20260806.json,517,3739,2026-08-06,,3268,,1.5352,
v518_daily_effort_result_absorption_independent_oracle_latest.json,518,1204,2026-08-14T16:32:16,V518_ORACLE_PASS__SINGLE_FROZEN_T1_REPLAY_ALLOWED,,,,
v519_daily_effort_result_absorption_frozen_t1_replay_latest.json,519,6612,2026-08-03T18:54:33,V519_FROZEN_REPLAY_FAIL__CLOSE_ONTOLOGY__NO_VARIANTS,3268,59.8225,1.5352,
v520_daily_effort_result_absorption_independent_metric_audit_latest.json,520,1040,2026-08-03T18:54:33,V520_BLOCKED__V519_FROZEN_GATE_FAILED__NO_STALE_AUDIT_REUSE,,,,
v522_effort_result_release_audit_latest.json,522,4400,2026-08-13T18:14:11,V522_PRODUCTION_LICENSE_BLOCKED,3268,59.8225,1.5352,
v524_effort_increment_cost_stress_audit_latest.json,524,18660,2026-07-17T16:24:16,V524_DIAGNOSTIC_COMPLETE__NO_PRODUCTION_STATE_CHANGE,1861,45.6744,0.0793,
v525_effort_result_structural_rr_gate_latest.json,525,3764,2026-07-17T16:17:09,V525_SUPPORT_FAIL__NO_REPLAY_PROMOTION,69,40.5797,1.678,
v527_spring_test_effort_result_seed_gate_latest.json,527,1135,2026-07-17T16:40:51,V527_SUPPORT_PASS__INDEPENDENT_ORACLE_REQUIRED,8124,,,
v527_wyckoff_spring_test_sos_seed_gate_latest.json,527,2163,2026-07-17T16:03:22,V527_SUPPORT_PASS__INDEPENDENT_ORACLE_REQUIRED_BEFORE_ONE_FROZEN_T1_REPLAY,381,,,
v528_spring_test_effort_result_independent_oracle_latest.json,528,712,2026-07-17T16:41:32,V528_ORACLE_PASS__FROZEN_T1_REPLAY_ALLOWED,,,,
v528_wyckoff_spring_test_sos_independent_oracle_latest.json,528,1042,2026-07-17T16:05:00,V528_ORACLE_PASS__ONE_FROZEN_T1_REPLAY_ALLOWED,,,,
v529_spring_test_effort_result_frozen_t1_replay_latest.json,529,3908,2026-07-17T16:43:27,V529_FROZEN_REPLAY_FAIL__CLOSE_ONTOLOGY__NO_VARIANTS,7329,62.2322,-0.3586,
v529_wyckoff_spring_test_sos_frozen_t1_replay_latest.json,529,4035,2026-07-17T16:13:01,V529_FROZEN_REPLAY_FAIL__CLOSE_ONTOLOGY__NO_VARIANTS,363,59.7796,-0.6679,
v530_research_direction_and_integrity_closure_20260717.json,530,3886,2026-07-17T16:18:39+08:00,,388,63.4021,0.949,
v530_sos_backup_effort_result_seed_gate_latest.json,530,2011,2026-07-17T17:18:46,V530_SUPPORT_PASS__INDEPENDENT_ORACLE_REQUIRED,1570,,,
v531_sos_backup_effort_result_independent_oracle_latest.json,531,709,2026-07-17T17:19:57,V531_ORACLE_PASS__FROZEN_T1_REPLAY_ALLOWED,,,,
v532_sos_backup_effort_result_frozen_t1_replay_latest.json,532,3890,2026-07-17T17:21:12,V532_FROZEN_REPLAY_FAIL__CLOSE_ONTOLOGY__NO_VARIANTS,1440,55.0694,-0.5342,
v533_selling_climax_ar_st_sos_seed_gate_latest.json,533,1952,2026-07-17T17:23:44,V533_SUPPORT_PASS__INDEPENDENT_ORACLE_REQUIRED,26313,,,
v534_selling_climax_ar_st_sos_independent_oracle_latest.json,534,711,2026-07-17T17:25:12,V534_ORACLE_PASS__FROZEN_T1_REPLAY_ALLOWED,,,,
v535_selling_climax_ar_st_sos_frozen_t1_replay_latest.json,535,3918,2026-07-17T17:28:20,V535_FROZEN_REPLAY_FAIL__CLOSE_ONTOLOGY__NO_VARIANTS,20441,68.1522,1.5283,
v536_multisource_capability_audit_20260719.json,536,2996,2026-07-19T21:20:00+08:00,,,,,
v536_source_isolated_cache_audit_baostock_20260720_083632.json,536,986,2026-07-20T08:36:32,SOURCE_ISOLATED_CACHE_FAIL,,,,
v536_source_isolated_cache_audit_baostock_20260720_083803.json,536,374,2026-07-20T08:38:03,SOURCE_ISOLATED_CACHE_PASS,,,,
v536_source_isolated_cache_audit_baostock_full_latest.json,536,1825,2026-07-20T09:31:49,CACHED_SUBSET_INTEGRITY_PASS__UNIVERSE_INCOMPLETE,,,,
v536_source_isolated_cache_audit_baostock_latest.json,536,420,2026-08-11T20:47:36,SOURCE_ISOLATED_CACHE_PASS,,,,
v536_source_isolated_cache_audit_baostock_shard00_of_01_20260720_092817.json,536,414,2026-07-20T09:28:17,SOURCE_ISOLATED_CACHE_PASS,,,,
v536_source_isolated_cache_audit_baostock_shard00_of_01_20260720_092818.json,536,414,2026-07-20T09:28:18,SOURCE_ISOLATED_CACHE_PASS,,,,
v536_source_isolated_cache_audit_baostock_shard00_of_01_20260811_204736.json,536,420,2026-08-11T20:47:36,SOURCE_ISOLATED_CACHE_PASS,,,,
v536_source_isolated_cache_audit_baostock_shard00_of_04_20260720_092734.json,536,1640,2026-07-20T09:27:34,SOURCE_ISOLATED_CACHE_FAIL,,,,
v536_source_isolated_cache_audit_baostock_shard00_of_04_20260720_093149.json,536,418,2026-07-20T09:31:49,SOURCE_ISOLATED_CACHE_PASS,,,,
v536_source_isolated_cache_audit_baostock_shard00_of_04_20260811_213509.json,536,418,2026-08-11T21:35:09,SOURCE_ISOLATED_CACHE_PASS,,,,
v536_source_isolated_cache_audit_baostock_shard01_of_04_20260720_092731.json,536,1030,2026-07-20T09:27:31,SOURCE_ISOLATED_CACHE_FAIL,,,,
v536_source_isolated_cache_audit_baostock_shard01_of_04_20260720_093146.json,536,418,2026-07-20T09:31:46,SOURCE_ISOLATED_CACHE_PASS,,,,
v536_source_isolated_cache_audit_baostock_shard01_of_04_20260811_213510.json,536,418,2026-08-11T21:35:10,SOURCE_ISOLATED_CACHE_PASS,,,,
v536_source_isolated_cache_audit_baostock_shard02_of_04_20260720_092732.json,536,1030,2026-07-20T09:27:32,SOURCE_ISOLATED_CACHE_FAIL,,,,
v536_source_isolated_cache_audit_baostock_shard02_of_04_20260720_093146.json,536,418,2026-07-20T09:31:46,SOURCE_ISOLATED_CACHE_PASS,,,,
v536_source_isolated_cache_audit_baostock_shard02_of_04_20260811_213511.json,536,418,2026-08-11T21:35:11,SOURCE_ISOLATED_CACHE_PASS,,,,
v536_source_isolated_cache_audit_baostock_shard03_of_04_20260720_092734.json,536,1030,2026-07-20T09:27:34,SOURCE_ISOLATED_CACHE_FAIL,,,,
v536_source_isolated_cache_audit_baostock_shard03_of_04_20260720_093147.json,536,418,2026-07-20T09:31:47,SOURCE_ISOLATED_CACHE_PASS,,,,
v536_source_isolated_cache_audit_baostock_shard03_of_04_20260811_213512.json,536,418,2026-08-11T21:35:12,SOURCE_ISOLATED_CACHE_PASS,,,,
v536_source_isolated_cache_audit_sina_latest.json,536,412,2026-08-07T22:58:01,SOURCE_ISOLATED_CACHE_PASS,,,,
v536_source_isolated_cache_audit_sina_shard00_of_01_20260720_164655.json,536,406,2026-07-20T16:46:55,SOURCE_ISOLATED_CACHE_PASS,,,,
v536_source_isolated_cache_audit_sina_shard00_of_01_20260720_164719.json,536,406,2026-07-20T16:47:19,SOURCE_ISOLATED_CACHE_PASS,,,,
v536_source_isolated_cache_audit_sina_shard00_of_01_20260720_165259.json,536,408,2026-07-20T16:52:59,SOURCE_ISOLATED_CACHE_PASS,,,,
v536_source_isolated_cache_audit_sina_shard00_of_01_20260721_062948.json,536,412,2026-07-21T06:29:48,SOURCE_ISOLATED_CACHE_PASS,,,,
v536_source_isolated_cache_audit_sina_shard00_of_01_20260722_131013.json,536,412,2026-07-22T13:10:13,SOURCE_ISOLATED_CACHE_PASS,,,,
v536_source_isolated_cache_audit_sina_shard00_of_01_20260722_224532.json,536,406,2026-07-22T22:45:32,SOURCE_ISOLATED_CACHE_PASS,,,,
v536_source_isolated_cache_audit_sina_shard00_of_01_20260723_004351.json,536,406,2026-07-23T00:43:51,SOURCE_ISOLATED_CACHE_PASS,,,,
v536_source_isolated_cache_audit_sina_shard00_of_01_20260723_005636.json,536,412,2026-07-23T00:56:36,SOURCE_ISOLATED_CACHE_PASS,,,,
v536_source_isolated_cache_audit_sina_shard00_of_01_20260723_010824.json,536,412,2026-07-23T01:08:24,SOURCE_ISOLATED_CACHE_PASS,,,,
v536_source_isolated_cache_audit_sina_shard00_of_01_20260728_162058.json,536,412,2026-07-28T16:20:58,SOURCE_ISOLATED_CACHE_PASS,,,,
v536_source_isolated_cache_audit_sina_shard00_of_01_20260730_153215.json,536,412,2026-07-30T15:32:15,SOURCE_ISOLATED_CACHE_PASS,,,,
v536_source_isolated_cache_audit_sina_shard00_of_01_20260731_152541.json,536,412,2026-07-31T15:25:41,SOURCE_ISOLATED_CACHE_PASS,,,,
v536_source_isolated_cache_audit_sina_shard00_of_01_20260731_155437.json,536,412,2026-07-31T15:54:37,SOURCE_ISOLATED_CACHE_PASS,,,,
v536_source_isolated_cache_audit_sina_shard00_of_01_20260805_153302.json,536,412,2026-08-05T15:33:02,SOURCE_ISOLATED_CACHE_PASS,,,,
v536_source_isolated_cache_audit_sina_shard00_of_01_20260807_225801.json,536,412,2026-08-07T22:58:01,SOURCE_ISOLATED_CACHE_PASS,,,,
v536_source_isolated_cache_audit_sina_shard00_of_04_20260723_004740.json,536,412,2026-07-23T00:47:40,SOURCE_ISOLATED_CACHE_PASS,,,,
v536_source_isolated_cache_audit_sina_shard00_of_16_20260720_190832.json,536,411,2026-07-20T19:08:32,SOURCE_ISOLATED_CACHE_PASS,,,,
v536_source_isolated_cache_audit_sina_shard00_of_16_20260720_201824.json,536,411,2026-07-20T20:18:24,SOURCE_ISOLATED_CACHE_PASS,,,,
v536_source_isolated_cache_audit_sina_shard00_of_16_20260721_052602.json,536,411,2026-07-21T05:26:02,SOURCE_ISOLATED_CACHE_PASS,,,,
v536_source_isolated_cache_audit_sina_shard01_of_04_20260723_004740.json,536,412,2026-07-23T00:47:40,SOURCE_ISOLATED_CACHE_PASS,,,,
v536_source_isolated_cache_audit_sina_shard01_of_16_20260721_052632.json,536,411,2026-07-21T05:26:32,SOURCE_ISOLATED_CACHE_PASS,,,,
v536_source_isolated_cache_audit_sina_shard02_of_04_20260723_004738.json,536,412,2026-07-23T00:47:38,SOURCE_ISOLATED_CACHE_PASS,,,,
v536_source_isolated_cache_audit_sina_shard02_of_16_20260721_052704.json,536,411,2026-07-21T05:27:04,SOURCE_ISOLATED_CACHE_PASS,,,,
v536_source_isolated_cache_audit_sina_shard03_of_04_20260723_004750.json,536,412,2026-07-23T00:47:50,SOURCE_ISOLATED_CACHE_PASS,,,,
v536_source_isolated_cache_audit_sina_shard03_of_16_20260721_052735.json,536,411,2026-07-21T05:27:35,SOURCE_ISOLATED_CACHE_PASS,,,,
v536_source_isolated_cache_audit_sina_shard04_of_16_20260721_052808.json,536,411,2026-07-21T05:28:08,SOURCE_ISOLATED_CACHE_PASS,,,,
v536_source_isolated_cache_audit_sina_shard05_of_16_20260721_052841.json,536,411,2026-07-21T05:28:41,SOURCE_ISOLATED_CACHE_PASS,,,,
v536_source_isolated_cache_audit_sina_shard06_of_16_20260721_052917.json,536,411,2026-07-21T05:29:17,SOURCE_ISOLATED_CACHE_PASS,,,,
v536_source_isolated_cache_audit_sina_shard07_of_16_20260720_190847.json,536,411,2026-07-20T19:08:47,SOURCE_ISOLATED_CACHE_PASS,,,,
v536_source_isolated_cache_audit_sina_shard07_of_16_20260720_201843.json,536,411,2026-07-20T20:18:43,SOURCE_ISOLATED_CACHE_PASS,,,,
v536_source_isolated_cache_audit_sina_shard07_of_16_20260721_052953.json,536,411,2026-07-21T05:29:53,SOURCE_ISOLATED_CACHE_PASS,,,,
v536_source_isolated_cache_audit_sina_shard08_of_16_20260720_221719.json,536,411,2026-07-20T22:17:19,SOURCE_ISOLATED_CACHE_PASS,,,,
v536_source_isolated_cache_audit_sina_shard08_of_16_20260721_053017.json,536,411,2026-07-21T05:30:17,SOURCE_ISOLATED_CACHE_PASS,,,,
v536_source_isolated_cache_audit_sina_shard09_of_16_20260721_053054.json,536,411,2026-07-21T05:30:54,SOURCE_ISOLATED_CACHE_PASS,,,,
v536_source_isolated_cache_audit_sina_shard10_of_16_20260721_053130.json,536,412,2026-07-21T05:31:30,SOURCE_ISOLATED_CACHE_PASS,,,,
v536_source_isolated_cache_audit_sina_shard11_of_16_20260721_053206.json,536,412,2026-07-21T05:32:06,SOURCE_ISOLATED_CACHE_PASS,,,,
v536_source_isolated_cache_audit_sina_shard12_of_16_20260721_053237.json,536,412,2026-07-21T05:32:37,SOURCE_ISOLATED_CACHE_PASS,,,,
v536_source_isolated_cache_audit_sina_shard13_of_16_20260721_053307.json,536,412,2026-07-21T05:33:07,SOURCE_ISOLATED_CACHE_PASS,,,,
v536_source_isolated_cache_audit_sina_shard14_of_16_20260721_053340.json,536,412,2026-07-21T05:33:40,SOURCE_ISOLATED_CACHE_PASS,,,,
v536_source_isolated_cache_audit_sina_shard15_of_16_20260720_190901.json,536,412,2026-07-20T19:09:01,SOURCE_ISOLATED_CACHE_PASS,,,,
v536_source_isolated_cache_audit_sina_shard15_of_16_20260720_201901.json,536,412,2026-07-20T20:19:01,SOURCE_ISOLATED_CACHE_PASS,,,,
v536_source_isolated_cache_audit_sina_shard15_of_16_20260721_053414.json,536,412,2026-07-21T05:34:14,SOURCE_ISOLATED_CACHE_PASS,,,,
v536a_sina_industry_leadership_seed_gate_latest.json,536a,1985,2026-07-21T08:29:53,V536A_SUPPORT_INSUFFICIENT__NO_OUTCOMES_OPENED__CLOSE_OR_REDESIGN_OBJECT,,,,
v537_no_supply_compression_expansion_seed_gate_latest.json,537,2034,2026-07-21T10:06:17,V537_SUPPORT_FAIL__CLOSE_ONTOLOGY_WITHOUT_OUTCOMES__NO_RELAXATION,102,,,
v539_sina_m15_ssl_bos_fvg_seed_gate_latest.json,539,1721,2026-07-23T01:59:59,V539_SUPPORT_PASS__INDEPENDENT_ORACLE_REQUIRED,58535,,,
v540_sina_m15_ssl_bos_fvg_independent_oracle_latest.json,540,1256,2026-07-23T02:24:32,V540_ORACLE_PASS__ONE_FROZEN_PARTIAL_RANGE_REPLAY_AUTHORIZED,,,,
v541_sina_m15_ssl_bos_fvg_frozen_t1_replay_latest.json,541,3419,2026-07-23T03:41:15,V541_PARTIAL_RANGE_RESEARCH_FAIL__CLOSE_OBJECT,41309,38.3161,-0.2915,
v543_sina_m15_ssl_displacement_absorption_seed_gate_latest.json,543,2536,2026-07-23T04:00:06,V543_SUPPORT_PASS__INDEPENDENT_ORACLE_REQUIRED,12327,,,
v544_sina_m15_ssl_displacement_absorption_independent_oracle_latest.json,544,1765,2026-07-23T04:19:26,V544_ORACLE_PASS__ONE_FROZEN_PARTIAL_RANGE_REPLAY_AUTHORIZED,,,,
v545_sina_m15_ssl_displacement_absorption_frozen_t1_replay_latest.json,545,3595,2026-07-23T04:27:42,V545_PARTIAL_RANGE_RESEARCH_FAIL__CLOSE_OBJECT,8805,39.0119,-0.3236,
v548_htf_trend_m15_entry_seed_gate_latest.json,548,2210,2026-07-23T14:07:54,V548_SUPPORT_INSUFFICIENT__NO_OUTCOMES_OPENED__CLOSE_OBJECT,220,,,
v550_htf_m15_independent_oracle_latest.json,550,1349,2026-07-23T16:28:17,V550_ORACLE_PASS__EXPLORATORY_FROZEN_T1_REPLAY_AUTHORIZED,,,,
v551_htf_m15_exploratory_frozen_t1_replay_latest.json,551,3414,2026-07-23T16:30:34,V551_EXPLORATORY_REPLAY_FAIL__CLOSE_OBJECT,35,40.0,0.7255,
v552_htf_m15_exploratory_closure_latest.json,552,3954,2026-07-23T16:35:00,,,,,
v554_daily_m15_takeover_independent_oracle_latest.json,554,727,2026-07-23T20:00:23,V554_IDENTITY_PASS__FROZEN_T1_DIAGNOSTIC_REPLAY_ALLOWED,,,,
v558_v557_independent_raw_oracle_latest.json,558,866,2026-07-23T22:45:21,IDENTITY_PASS__FROZEN_T1_REPLAY_ALLOWED,,,,
v559_confirmed_m15_choch_frozen_t1_replay_latest.json,559,1979,2026-07-23T22:46:34,FROZEN_REPLAY_COMPLETE__RESEARCH_RESULT_ONLY__NO_PRODUCTION_AUTHORIZATION,8167,,,
v560_v553_v559_reconciliation_and_branch_closure_latest.json,560,4348,2026-07-23T22:50:00,V553_V559_BRANCH_COMPLETE__FROZEN_REPLAY_GATE_FAILED__NO_MORE_VARIANTS__SOURCE_QUALIFICATION_ONLY,1789,False,False,
v562_htf_industry_m15_absorption_seed_gate_latest.json,562,2172,2026-07-24T14:36:02,V562_SUPPORT_INSUFFICIENT__NO_OUTCOMES_OPENED__CLOSE_OBJECT,516,,,
v562_v300_candidate_identity_audit_latest.json,562,11680,2026-07-24T16:02:57,,137551,,,
v563_industry_synchronized_m15_independent_oracle_latest.json,563,1748,2026-07-24T17:05:21,INDEPENDENT_ORACLE_PASS__FROZEN_STRICT_T1_REPLAY_AUTHORIZED,,,,
v564_industry_led_m60_external_sweep_choch_oracle_latest.json,564,996,2026-07-24T16:08:22,,,,,
v564_industry_synchronized_m15_frozen_t1_replay_latest.json,564,3020,2026-07-24T17:12:09,FROZEN_REPLAY_FAIL__CLOSE_OBJECT__NO_PRODUCTION_AUTHORIZATION,2839,,,
v564_v563_independent_raw_oracle_latest.json,564,1010,2026-07-24T15:50:32,V564_ORACLE_PASS__ONE_FROZEN_T1_REPLAY_AUTHORIZED,,,,
v565_industry_led_m60_external_sweep_choch_frozen_t1_replay_latest.json,565,3267,2026-07-24T16:09:37,,351,False,False,
v565_industry_synchronized_m15_metric_audit_latest.json,565,2224,2026-07-24T17:13:38,V564_METRICS_REPRODUCED__FROZEN_ONTOLOGY_ECONOMICALLY_FAILED__CLOSE_BRANCH,1423,,,
v565_v563_frozen_t1_replay_latest.json,565,2190,2026-07-24T14:18:09,FROZEN_REPLAY_COMPLETE__RESEARCH_ONLY__NO_PRODUCTION_WRITE,3436,,,
v566_v563_frozen_strict_t1_replay_latest.json,566,2488,2026-07-24T15:52:51,V566_FROZEN_REPLAY_GATE_FAILED__CLOSE_V563_CONTRACT_NO_VARIANTS,1095,,,
v567_v563_frozen_replay_mechanism_review_latest.json,567,3068,2026-07-24T15:55:00,V563_CLOSED_ECONOMIC__NEXT_RESEARCH_MUST_CHANGE_THE_INTRADAY_CAUSAL_EVENT_NOT_TUNE_V563,,,,
v567_v566_independent_identity_oracle_latest.json,567,1391,2026-07-24T15:19:00,V567_IDENTITY_PASS__ONE_FROZEN_STRICT_T1_REPLAY_AUTHORIZED,,,,
v568_v566_frozen_strict_t1_replay_latest.json,568,2976,2026-07-24T15:21:30,V568_FROZEN_REPLAY_GATE_FAIL__CLOSE_V566_ONTOLOGY_NO_VARIANTS,37406,,,
v570_v569_independent_raw_oracle_latest.json,570,1179,2026-07-24T16:25:44,V570_ORACLE_PASS__ONE_FROZEN_STRICT_T1_REPLAY_AUTHORIZED,,,,
v571_v569_frozen_strict_t1_replay_latest.json,571,3171,2026-07-24T16:27:15,V571_FROZEN_REPLAY_GATE_FAIL__CLOSE_V569_ONTOLOGY_NO_VARIANTS,4508,,,
v572_v566_industry_activation_independent_oracle_latest.json,572,1359,2026-07-24T17:44:18,V572_ORACLE_PASS__ONE_FROZEN_STRICT_T1_REPLAY_AUTHORIZED,,,,
v573_v566_industry_activation_frozen_strict_t1_replay_latest.json,573,3049,2026-07-24T17:45:59,V573_FROZEN_REPLAY_GATE_FAIL__CLOSE_V566_ONTOLOGY_NO_VARIANTS,1468,,,
v573_v572_independent_raw_oracle_latest.json,573,1285,2026-07-24T17:30:25,V573_ORACLE_PASS__ONE_FROZEN_STRICT_T1_REPLAY_AUTHORIZED,,,,
v574_v572_frozen_strict_t1_replay_latest.json,574,2884,2026-07-24T17:31:43,V574_FROZEN_REPLAY_GATE_FAIL__CLOSE_V572_ONTOLOGY_NO_VARIANTS,5165,,,
v574_v573_independent_metric_audit_latest.json,574,1973,,V573_METRICS_REPRODUCED__CLOSE_V566_ONTOLOGY_NO_VARIANTS,1468,,,
v578_v577_independent_raw_oracle_latest.json,578,1195,2026-07-24T18:19:04,V578_ORACLE_PASS__ONE_FROZEN_STRICT_T1_REPLAY_AUTHORIZED,,,,
v579_v577_frozen_strict_t1_replay_latest.json,579,3197,2026-07-24T18:21:18,V579_FROZEN_REPLAY_GATE_FAIL__CLOSE_V577_ONTOLOGY_NO_VARIANTS,24386,,,
v580_v577_independent_metric_audit_and_closure_latest.json,580,2628,2026-07-24T18:23:00,CLOSED_ECONOMIC__V577_LENDING_SELL_PRESSURE_TO_BSL_SQUEEZE__NO_THRESHOLD_WINDOW_EXIT_YEAR_OR_SYMBOL_VARIANTS,24386,,,
v583_v582_source_identity_and_support_closure_latest.json,583,1923,2026-07-24T18:46:00,CLOSED_SUPPORT_GATE__V582_LOCKUP_RELEASE_SSL_EXHAUSTION__NO_OUTCOMES_OPENED__NO_SELECTOR_OR_EXECUTION_VARIANTS,,,,
v586_v585_independent_raw_oracle_latest.json,586,1190,2026-07-24T18:49:52,V586_ORACLE_PASS__ONE_FROZEN_STRICT_T1_REPLAY_AUTHORIZED,,,,
v587_v585_frozen_strict_t1_replay_latest.json,587,3181,2026-07-24T18:51:05,V587_FROZEN_REPLAY_GATE_FAIL__CLOSE_V585_ONTOLOGY_NO_VARIANTS,2874,,,
v588_v585_independent_metric_audit_and_closure_latest.json,588,2920,2026-07-24T18:52:00,CLOSED_ECONOMIC__V585_INSIDER_REDUCTION_PLAN_TO_SSL_EXHAUSTION_BULLISH_REVERSAL__NO_THRESHOLD_WINDOW_EXIT_YEAR_OR_SYMBOL_VARIANTS,2874,,,
v599_v598_independent_raw_oracle_latest.json,599,1166,2026-07-24T19:30:48,V599_ORACLE_PASS__ONE_FROZEN_STRICT_T1_REPLAY_AUTHORIZED,,,,
v600_v598_frozen_strict_t1_replay_latest.json,600,2891,2026-07-24T19:32:09,V600_FROZEN_REPLAY_GATE_FAIL__CLOSE_V598_ONTOLOGY_NO_VARIANTS,1618,,,
v602_v539_smc_semantic_lifecycle_audit_latest.json,602,6726,2026-07-25T01:07:53,,58535,,,
v603_v602_independent_raw_semantic_audit_latest.json,603,602,,,,,,
v604_v603_independent_raw_bar_oracle_latest.json,604,843,2026-07-26T06:04:20,V604_RAW_BAR_SEMANTIC_ORACLE_PASS__STAGE2_MANUAL_REVIEW_REQUIRED__REPLAY_PROHIBITED,,,,
v604_v603_independent_semantic_audit_latest.json,604,1609,2026-07-25T11:48:28,V604_INDEPENDENT_SEMANTIC_AUDIT_PASS__MANUAL_SAMPLE_REVIEW_REQUIRED__NO_REPLAY_AUTHORIZED_YET,,,,
v605_v602_frozen_strict_t1_replay_latest.json,605,3233,2026-07-24T20:11:12,V605_FROZEN_REPLAY_GATE_FAIL__CLOSE_V602_ONTOLOGY_NO_VARIANTS,27490,,,
v606_v602_independent_metric_audit_and_closure_latest.json,606,2786,2026-07-24T20:13:01,CLOSED_ECONOMIC__V602_CANONICAL_BOS_DEMAND_RECLAIM__NO_SELECTOR_TIMING_STOP_TARGET_HOLD_CALENDAR_SYMBOL_OR_THRESHOLD_VARIANTS,27490,,,
v606_v603_strict_t1_replay_preregistration.json,606,2573,2026-07-26T06:10:00,,,,,
v606_v605_independent_raw_oracle_latest.json,606,1170,2026-07-24T21:51:06,V606_ORACLE_PASS__ONE_FROZEN_STRICT_T1_REPLAY_AUTHORIZED,,,,
v607_current_available_data_strategy_frontier_closure_latest.json,607,2122,2026-07-24T20:13:01,CURRENT_AVAILABLE_DATA_STRATEGY_FRONTIER_EXHAUSTED__NO_PRODUCTION_STRATEGY__EMPTY_BOOK__SOURCE_QUALIFICATION_ONLY,49256,,,
v607_v605_frozen_strict_t1_replay_latest.json,607,3171,2026-07-24T21:52:10,V607_FROZEN_REPLAY_GATE_FAIL__CLOSE_V605_ONTOLOGY_NO_VARIANTS,995,,,
v608_v603_stage2_semantic_review_gate.json,608,2629,2026-07-25T11:30:00,,,,,
v610_v603_stage2_semantic_repair_and_gate.json,610,3649,2026-07-25T11:50:08,,,,,
v612_v603_one_frozen_strict_t1_replay_latest.json,612,1440,2026-07-25T12:03:09,V612_FROZEN_REPLAY_COMPLETE__INDEPENDENT_METRIC_AUDIT_REQUIRED__NO_VARIANTS_NO_PRODUCTION,2930,,,
v612_v603_preliminary_replay_quarantine.json,612,844,,"INVALID_DO_NOT_USE | The first implementation of target_at_entry inspected the entry bar high while selecting or rejecting an unconsumed structural target. At the entry-bar open, that high is not observable. This is a same-bar future-information defect in execution target eligibility.",,,,
v612_v611_independent_raw_oracle_latest.json,612,1181,2026-07-24T22:10:03,V612_ORACLE_PASS__ONE_FROZEN_STRICT_T1_REPLAY_AUTHORIZED,,,,
v613_v603_independent_replay_audit_and_closure.json,613,2924,2026-07-25T12:03:09,V603_SEMANTIC_STATE_MACHINE_PASS__V611_V612_FROZEN_EXECUTION_NOT_PROMOTABLE__CLOSE_ECONOMIC_BRANCH_NO_VARIANTS_NO_PRODUCTION,63,,,
v613_v611_frozen_strict_t1_replay_latest.json,613,3188,2026-07-24T22:11:17,V613_FROZEN_REPLAY_GATE_FAIL__CLOSE_V611_ONTOLOGY_NO_VARIANTS,7240,,,
v614_v611_independent_metric_audit_and_closure_latest.json,614,3125,2026-07-24T22:12:44,CLOSED_ECONOMIC__V611_PROFIT_DISTRIBUTION_DEMAND_RETEST__NO_SELECTOR_TIMING_STOP_TARGET_HOLD_CALENDAR_SYMBOL_OR_THRESHOLD_VARIANTS,7240,,,
v618_v617_independent_raw_oracle_latest.json,618,1189,2026-07-24T22:32:22,V618_ORACLE_PASS__ONE_FROZEN_STRICT_T1_REPLAY_AUTHORIZED,,,,
v619_v617_frozen_strict_t1_replay_latest.json,619,3206,2026-07-24T22:32:39,V619_FROZEN_REPLAY_GATE_FAIL__CLOSE_V617_ONTOLOGY_NO_VARIANTS,3513,,,
v620_v617_independent_metric_audit_and_closure_latest.json,620,3164,2026-07-24T22:33:28,CLOSED_ECONOMIC__V617_CONTROLLING_HOLDER_PLEDGE_RELEASE_DEMAND_RETEST__NO_SELECTOR_TIMING_STOP_TARGET_HOLD_CALENDAR_SYMBOL_OR_THRESHOLD_VARIANTS,3513,,,
v622_v606_one_frozen_strict_t1_replay_latest.json,622,1807,2026-07-26T06:22:52,V622_FROZEN_REPLAY_COMPLETE__INDEPENDENT_AUDIT_REQUIRED__NO_VARIANTS_NO_PRODUCTION,11150,,,
v623_v622_independent_raw_oracle_latest.json,623,1198,2026-07-24T22:43:58,V623_ORACLE_PASS__ONE_FROZEN_STRICT_T1_REPLAY_AUTHORIZED,,,,
v623_v622_preliminary_replay_quarantine.json,623,973,2026-07-26T06:22:52+08:00,"PRELIMINARY_RUN_INVALID__QUARANTINED__ONE_CONTRACT_COMPLETE_REPLAY_STILL_REQUIRED | The preliminary V622 runner omitted the already-preregistered 20-trading-session close time stop in V606 execution_contract. It is contract-incomplete and must not be used for reporting, comparison, selection, or production decisions.",,,,
v624_v606_contract_complete_strict_t1_replay_latest.json,624,1861,2026-07-26T06:29:32,V624_CONTRACT_COMPLETE_FROZEN_REPLAY__INDEPENDENT_AUDIT_REQUIRED__NO_VARIANTS_NO_PRODUCTION,11150,,,
v624_v622_frozen_strict_t1_replay_latest.json,624,3227,2026-07-24T22:44:57,V624_FROZEN_REPLAY_GATE_FAIL__CLOSE_V622_ONTOLOGY_NO_VARIANTS,2698,,,
v625_v606_independent_replay_audit_and_closure.json,625,2093,2026-07-26T06:31:26,V606_SEMANTIC_STATE_MACHINE_PASS__V624_CONTRACT_COMPLETE_FROZEN_REPLAY_NOT_PROMOTABLE__CLOSE_ECONOMIC_BRANCH_NO_VARIANTS_NO_PRODUCTION,209,,,
v625_v622_independent_metric_audit_and_closure_latest.json,625,3197,2026-07-24T22:46:17,CLOSED_ECONOMIC__V622_CONTROLLING_HOLDER_PLEDGE_CREATION_SSL_EXHAUSTION__NO_SELECTOR_TIMING_STOP_TARGET_HOLD_CALENDAR_SYMBOL_OR_THRESHOLD_VARIANTS,2698,,,
v629_earnings_payload_full_coverage_pit_audit_latest.json,629,1873,,SOURCE_COVERAGE_FAIL__NO_ONTOLOGY_NO_SEED_NO_REPLAY_NO_PRODUCTION,,,,
v630_earnings_payload_full_coverage_pit_audit_latest.json,630,1943,,FULL_COVERAGE_AND_PIT_TRANSPORT_PASS__OUTCOME_BLIND_SEMANTIC_CATALOG_PREREGISTRATION_AUTHORIZED__NO_SEED_YET_NO_PRODUCTION,,,,
v638_turnaround_post_disclosure_smc_response_ontology_preregistration.json,638,10557,2026-07-26T12:07:00+08:00,V638_PREREGISTRATION_COMPLETE__OUTCOME_BLIND_SEED_GENERATION_AND_INDEPENDENT_ORACLE_ARE_THE_ONLY_NEXT_PERMITTED_ACTIONS__NO_PRODUCTION,,,,
v639_turnaround_event_universe_daily_ohlcv_source_audit_no_outcome.json,639,1876,,EVENT_UNIVERSE_SOURCE_PASS__V638_OUTCOME_BLIND_SEED_GENERATION_AUTHORIZED__NO_FULL_MARKET_OR_PRODUCTION_AUTHORIZATION,,,,
v640_turnaround_post_disclosure_outcome_blind_seed_latest.json,640,1772,2026-07-26T15:59:06,V640_SEED_SUPPORT_FAIL__CLOSE_V638_ONTOLOGY__NO_ORACLE_REPLAY_OR_PRODUCTION,,,,
v640_turnaround_post_disclosure_seed_latest.json,640,1914,2026-07-26T12:20:11,SEED_SUPPORT_FAIL__CLOSE_V638_ONTOLOGY_NO_ORACLE_NO_REPLAY,,,,
v641_turnaround_post_disclosure_independent_oracle_latest.json,641,1145,2026-07-26T16:00:53,V641_ORACLE_PASS_BUT_V640_SUPPORT_FAIL__CLOSE_V638_ONTOLOGY__NO_REPLAY_OR_PRODUCTION,,,,
v641_turnaround_post_disclosure_ontology_support_closure_no_outcome.json,641,2264,,V638_PIT_TURNAROUND_POST_DISCLOSURE_STRUCTURAL_ACCEPTANCE_RETEST__OUTCOME_BLIND_SUPPORT_FAIL__CLOSED_NO_VARIANTS_NO_REPLAY_NO_PRODUCTION,,,,
v644_v638_turnaround_post_disclosure_ontology_closure.json,644,2904,,CLOSED_SUPPORT_FAIL__PIT_TURNAROUND_TO_POST_DISCLOSURE_STRUCTURAL_ACCEPTANCE_RETEST__NO_REPLAY_NO_SCANNER_NO_PRODUCTION,,,,
v645_company_action_terms_source_qualification_closure_no_outcome.json,645,3260,2026-07-26T11:43:00,SOURCE_QUALIFICATION_FAIL__EARNINGS_TEXT_ARCHIVE_IS_NOT_A_COMPANY_ACTION_UNIVERSE__CLOSE_THIS_SOURCE_CANDIDATE__NO_SEMANTIC_CATALOG_NO_ONTOLOGY_NO_SEED_NO_REPLAY_NO_PRODUCTION,,,,
v646_cash_distribution_terms_raw_source_coverage_identity_audit_latest.json,646,1621,,SOURCE_QUALIFICATION_PASS__SEPARATE_BODY_TERM_SEMANTIC_CONTRACT_MAY_BE_PREREGISTERED__NO_MARKET_DATA,,,,
v648_cash_distribution_terms_raw_full_coverage_identity_audit_no_outcome.json,648,1560,2026-07-26T17:10:19,V642_SOURCE_GATE_PASS__SEPARATE_BODY_TERM_SEMANTIC_CONTRACT_AUTHORIZED__NO_MARKET_DATA,,,,
v651_explicit_cash_distribution_term_independent_oracle_latest.json,651,1311,2026-07-26T17:13:27,PRIMARY_AND_INDEPENDENT_ORACLE_AGREE__SEMANTIC_CATALOG_PASS__SEPARATE_CAUSAL_ONTOLOGY_PREREGISTRATION_REQUIRED_BEFORE_MARKET_DATA,,,,
v652_explicit_cash_distribution_post_disclosure_smc_response_ontology_preregistration.json,652,9652,,V652_CAUSAL_ONTOLOGY_PREREGISTERED__SOURCE_ONLY_DAILY_OHLCV_QUALIFICATION_AUTHORIZED__NO_SEED_NO_REPLAY_NO_PRODUCTION,,,,
v653_cash_distribution_event_daily_session_coverage_audit_no_outcome_latest.json,653,87329,2026-07-26T17:32:22,SOURCE_SESSION_COVERAGE_FAIL__CLOSE_V652_NO_SEED_NO_ORACLE_NO_REPLAY_NO_PRODUCTION,,,,
v654_two_sided_leverage_source_pit_audit_latest.json,654,1463,2026-08-12T18:33:44,V654_SOURCE_PIT_PASS__OUTCOME_BLIND_SEED_AUTHORIZED,,,,
v654_v652_cash_distribution_post_disclosure_source_coverage_closure.json,654,2526,,CLOSED_SOURCE_COVERAGE_FAIL__V652_EXPLICIT_CASH_DISTRIBUTION_TO_POST_DISCLOSURE_SMC_RESPONSE__NO_VARIANTS_NO_SEED_NO_REPLAY_NO_PRODUCTION,,,,
v656_v654_independent_raw_oracle_latest.json,656,1235,2026-07-29T21:04:26,V656_ORACLE_PASS__ONE_FROZEN_STRICT_T1_REPLAY_AUTHORIZED,,,,
v657_convertible_bond_metadata_enumeration_schema_audit_no_outcome.json,657,11225,2026-07-26T17:52:04,SOURCE_ENUMERATION_GATE_FAIL__GENERIC_EASTMONEY_ANNOUNCEMENT_METADATA_CANNOT_PROVE_FULL_CONVERTIBLE_CONVERSION_PRICE_TERM_UNIVERSE__CLOSE_SOURCE_CANDIDATE__NO_SEMANTIC_CATALOG_NO_MARKET_DATA,,,,
v657_v654_frozen_strict_t1_replay_latest.json,657,2525,2026-07-29T21:05:32,V657_FROZEN_REPLAY_GATE_FAIL__CLOSE_V654_ONTOLOGY_NO_VARIANTS,3959,,,
v659_frontier_reconciliation_after_v654_closure_20260730.json,659,4343,2026-07-30T15:22:00,CURRENT_AUTHORIZED_RESEARCH_FRONTIER_TERMINAL_AFTER_V654__EMPTY_BOOK_REMAINS__SOURCE_QUALIFICATION_ONLY,3959,,,
v65_release_gate.json,65,2102,,,143,88.81,20.035,
v65_sample_bias_audit.json,65,637,,,143,,,
v65_signal_sequence_audit.json,65,44548,,,143,,,
v65_t1_audit.json,65,142,,,143,,,
v65_trade_provenance_audit.json,65,186317,,,143,,,
v662_20260615_20260729_no_pick_root_cause_and_repair_audit.json,662,8348,2026-07-30T20:10:00+08:00,,,,,
v666_no_pick_root_cause_repair_research_frontier_closure_20260803.json,666,6918,2026-08-03T15:00:00,,,,,
v667_v517_prior_confirmed_canonical_ssl_repair_and_frozen_replay_closure_20260803.json,667,5817,2026-08-03T19:00:00,,3431,59.8225,1.5352,
v668_frontend_refresh_and_fail_closed_engineering_closure_20260803.json,668,2807,2026-08-03T20:38:11+08:00,ENGINEERING_SURFACES_AND_FAIL_CLOSED_RUNTIME_VERIFIED__NO_STRATEGY_LICENSE_CREATED,,,,
v66_daily_completeness_gate.json,66,1713,2026-06-19T13:04:36,,,,,
v66_extra_hard_gates.json,66,13153,2026-06-09T13:37:55,BLOCK_SIGNAL_CORRECTNESS_CLAIM,7,,-3.85,
v66_integrated_repair_closure.json,66,4317,2026-06-09T11:02:17,PASS,137,,4.01,
v66_live_execution_audit.json,66,991,2026-06-09T11:02:17,,,,,
v66_live_vs_backtest_gap_report.json,66,3190,2026-06-09T10:58:24,,137,,3.4,
v66_multi_retrace_rank_audit.json,66,95384,,,137,,20.968,
v66_ob_loss_bucket_audit.json,66,14710,,,7,,-3.85,
v66_release_gate.json,66,3614,,,137,90.51,20.649,
v66_sample_bias_audit.json,66,724,,,137,,,
v66_signal_semantic_audit.json,66,99545,,,137,,,
v66_signal_sequence_audit.json,66,42688,,,137,,,
v66_t1_audit.json,66,142,,,137,,,
v66_trade_provenance_audit.json,66,178517,,,137,,,
v670_institutional_survey_legacy_report_source_recovery_preregistration.json,670,2276,2026-08-03T20:35:00+08:00,,,,,
v671_institutional_survey_post_disclosure_absorption_closure_20260805.json,671,3063,2026-08-05T20:48:00+08:00,V671_SOURCE_SUPPORT_GATE_FAIL__CLOSE_ONTOLOGY__NO_ORACLE_NO_REPLAY_NO_SCANNER_NO_VARIANTS,,,,
v671_institutional_survey_post_disclosure_absorption_support_gate_20260805.json,671,2603,2026-08-05T20:34:18,V671_SUPPORT_GATE_FAIL__CLOSE_EVENT_ONTOLOGY__NO_ORACLE_NO_REPLAY_NO_VARIANTS,,,,
v671_institutional_survey_to_post_disclosure_absorption_preregistration.json,671,4036,2026-08-03T21:00:00+08:00,,,,,
v677_three_timeframe_semantic_source_audit_latest.json,677,2009,2026-08-10T16:36:16,V677_SOURCE_AND_SEMANTIC_AUDIT_PASS__OUTCOME_BLIND_STATE_MACHINE_SEEDS_ALLOWED,,,,
v677_weekly_daily_m60_pure_smc_source_audit_latest.json,677,7368,2026-08-10T15:33:57,V677_SOURCE_AGGREGATION_SEMANTIC_PASS__V678_ALLOWED,,,,
v679_independent_wdh_identity_oracle_latest.json,679,1427,2026-08-10T23:12:06,V679_INDEPENDENT_ORACLE_IDENTITIES_READY__COMPARE_TO_FROZEN_V678,,,,
v67_directional_edge_gate.json,67,2601,2026-06-09T14:24:28,BLOCK_DIRECTIONAL_EDGE,90551,,,
v67_failure_bar_replay_samples.json,67,31281,,(list),,,,
v67_promotion_gate.json,67,4345,2026-06-09T14:25:35,ROLLBACK_KEEP_V66,90551,41.15,0.717,
v67_signal_semantic_gate.json,67,292170,,,90551,,,
v681_one_frozen_t1_structure_replay_latest.json,681,2807,2026-08-11T14:04:42,V681_FROZEN_REPLAY_FAIL__CLOSE_ONTOLOGY__NO_VARIANTS,,,,
v681_single_frozen_t1_structure_replay_latest.json,681,1940,2026-08-11T13:43:57,V681_FROZEN_REPLAY_GATE_FAILED__CLOSE_ONTOLOGY__PRODUCTION_EMPTY_BOOK,38,,0.13746319859615908,
v681_single_frozen_wdh_strict_t1_replay_latest.json,681,4239,2026-08-11T15:16:58,V681_FULL_CHAIN_REPLAY_GATE_FAIL__CLOSE_WDH_ONTOLOGY_NO_VARIANTS,1161,,1.325,
v682_independent_frozen_replay_metric_audit_latest.json,682,1762,2026-08-11T13:48:50,V682_INDEPENDENT_AUDIT_CONFIRMS_V681_GATE_FAIL__CLOSE_ONTOLOGY__EMPTY_BOOK,1579,,0.13746319859615908,
v682_v681_frozen_replay_postmortem_latest.json,682,9291,2026-08-11T15:23:08,V682_POSTMORTEM_COMPLETE__V676_WDH_ONTOLOGY_CLOSED,1161,,,
v683_wdh_lifecycle_cancellation_audit_latest.json,683,49546,2026-08-11T15:29:39,V683_LIFECYCLE_INVARIANT_FAIL__V678_V679_IDENTITIES_INVALID_FOR_REPLAY,,,,
v685_independent_lifecycle_safe_wdh_identity_oracle_latest.json,685,1430,2026-08-11T16:24:44,V685_INDEPENDENT_LIFECYCLE_ORACLE_IDENTITIES_READY__COMPARE_TO_FROZEN_V684,,,,
v688_independent_unique_liquidity_identity_oracle_latest.json,688,1430,2026-08-11T20:24:20,V688_INDEPENDENT_UNIQUE_LIQUIDITY_IDENTITIES_READY__COMPARE_TO_FROZEN_V687,,,,
v68_directional_edge_gate.json,68,2601,2026-06-09T14:42:17,BLOCK_DIRECTIONAL_EDGE,1657,,,
v68_promotion_gate.json,68,4738,2026-06-09T14:43:00,ROLLBACK_KEEP_V66,1657,34.94,0.238,
v68_signal_semantic_gate.json,68,314541,,,1657,,,
v690_v687_outcome_blind_support_gate_latest.json,690,612,2026-08-11T20:24:45,V690_SUPPORT_FAIL__CLOSE_V687_WITHOUT_REPLAY__EMPTY_BOOK | The full pre-outcome identity universe is below the predeclared n>=1000 support floor; no replay can create support and subset selection is forbidden.,,,,
v694_short_covering_source_coverage_pit_audit.json,694,2213,2026-08-12T06:29:00,SOURCE_COVERAGE_AND_PIT_PASS_FOR_V694_2023_2025__OUTCOME_BLIND_SEED_GENERATION_AUTHORIZED,,,,
v695_v694_short_covering_frontier_closure_latest.json,695,2634,2026-08-13T18:53:37,V695_V694_SUPPORT_FAIL__CLOSE_SHORT_COVERING_ONTOLOGY_WITHOUT_ORACLE_OR_REPLAY__EMPTY_BOOK,,,,
v697_pure_smc_ssl_reclaim_seed_gate_latest.json,697,2129,2026-08-14T16:34:56,V697_SUPPORT_PASS__INDEPENDENT_ORACLE_REQUIRED_BEFORE_SINGLE_FROZEN_T1_REPLAY,18318,,,
v698_pure_smc_ssl_reclaim_oracle_latest.json,698,971,2026-08-14T16:37:12,V698_ORACLE_PASS__SINGLE_FROZEN_T1_REPLAY_ALLOWED,,,,
v699_pure_smc_ssl_reclaim_frozen_t1_replay_latest.json,699,6641,2026-08-14T16:38:54,V699_FROZEN_REPLAY_FAIL__CLOSE_ONTOLOGY__NO_VARIANTS,17600,53.3011,1.175,
v699_pure_smc_ssl_reclaim_replay_latest.json,699,6631,2026-08-14T16:40:36,V699_FROZEN_REPLAY_FAIL__CLOSE_ONTOLOGY__NO_VARIANTS,17600,53.3011,1.175,
v69_missing_gates_audit.json,69,20143,2026-06-09T14:57:30,NEEDS_FULL_ENGINE_AND_EDGE_RERUN,1657,34.94,0.238,
v69_missing_gates_directional_edge.json,69,19052,2026-06-09T14:59:10,,25,,,
v71_anti_live_sl_report.json,71,1527,2026-06-09T15:33:52,,62,90.51,20.649,
v71_gate_contribution_analysis.json,71,7076,,,137,90.51,20.65,
v72_layered_audit.json,72,6010,,,250,84.4,18.84,
full_sync_closure_20260619.md,?,2042,,SMC Full Sync Closure 2026-06-19,,,,
historical_smc_research_integrity_audit_20260814.md,?,8437,,SMC 历史研究完整性审计（只读）,,,,
v104_strict_reclaim_closure_20260618.md,104,1359,,V104 Strict Reclaim Closure Audit || 不晋级。V104 修正了 reclaim-confirmed entry 语义，但策略表现和月度稳定性不足。,,,0.4248,
v105_matrix_closure_20260618.md,105,2449,,V105 Matrix Closure || V105矩阵证明短周期微止盈能把统计拉过线，但这不是SMC结构交易，不能生产晋级。,,,,
v106_signal_market_closure_20260618.md,106,1082,,V106 Signal / Market Closure || V106仍不晋级。最佳结构出场方案WR 68%、稳定月7，低于晋级门槛；下一步必须做V107市场状态层重建。,,,,
v107_tradeable_regime_audit_20260619.md,107,2470,,V107 TRADEABLE_REGIME Audit (research-only) || **RESEARCH_ONLY_NOT_PROMOTED**,,,,
v107b_signal_semantic_audit_20260619.md,107b,5521,,V107B Signal Semantic Audit || **RESEARCH_ONLY_NOT_PROMOTED**,,,,
v107c_monthly_report_20260619.md,107c,4086,,V107C Monthly Report,,,,
v110_range_transition_dedup_failure_audit_20260619.md,110,3073,,V110 RANGE_TRANSITION Dedup + Failure Audit || **RESEARCH_ONLY_NOT_PROMOTED**,,,,
v111_wait_structure_ontology_audit_20260619.md,111,2431,,V111 WAIT Structure Ontology Audit || **RESEARCH_ONLY_NOT_PROMOTED**,,,,
v112_range_transition_generator_audit_20260619.md,112,2812,,V112 RANGE_TRANSITION Generator Audit || **RESEARCH_ONLY_NOT_PROMOTED**,,,,
v113_mature_transition_loss_audit_20260619.md,113,2698,,V113 Mature RANGE_TRANSITION Loss Audit || **RESEARCH_ONLY_NOT_PROMOTED**,,,,
v114_fvg_demand_source_audit_20260619.md,114,5921,,V114 FVG_Demand Source Construction Audit || **RESEARCH_ONLY_NOT_PROMOTED**,,,,
v115_fvg_source_label_fullsample_audit_20260619.md,115,6861,,V115 FVG Source Label Full-Sample Audit || **RESEARCH_ONLY_NOT_PROMOTED**,,,,
v116_source_quality_gate_simulation_20260619.md,116,12460,,V116 Source-Quality-Gate Simulation || **RESEARCH_ONLY_GATE_DIRECTION_VALIDATED_NOT_PROMOTED**,,,,
v117_source_gate_shadow_contract_audit_20260619.md,117,2616,,V117 Source Gate Shadow Contract Audit || **RESEARCH_ONLY_SHADOW_CONTRACT_BLOCKED_FIELD_PROPAGATION_REQUIRED** || `family == CONTINUATION AND retrace_pct >= 95 AND fvg_mid_body_atr < 0.65`,,,,
v146_v144_readonly_preview_audit_20260621.md,146,3320,,V146 V144 Dry-run 只读前端预览闭环审计,,,,
v165_direction_gap_audit_20260623.md,165,3802,,V165 研究方向闭环审计（基于V164 dry-run复跑）,,,,
v356_historical_lifecycle_effect_report.md,356,5386,,V351–V356 日线候选生命周期：逐年逐月历史效果（非交易回测）,,,,
v360_research_closure_20260712.md,360,4291,,V360 日线 Continuation 研究闭环（2026-07-12）,,,,
v367_research_closure_and_next_direction_20260711.md,367,6209,,V367 SMC 研究闭环与下一方向（2026-07-11）,,,,
v378_full_history_intraday_semantic_frontier_closure_20260712.md,378,4927,,V378 全历史 60min 语义前沿闭环（2026-07-12） || 语义与执行都已闭环，但经济质量远低于固定门禁，关闭 `SSL→最近swing MSS→OB` 60min 分支。,,,,
v382_true_mtf_predefined_gate_closure_20260712.md,382,3872,,V382 同源 Raw Daily → 60min 真 MTF 闭环验收（2026-07-12） || 数据层满足“全市场逐股可解释覆盖 + 异常隔离”。,,,,
v394_research_frontier_closure_20260712.md,394,3674,,V394 PIT 龙虎榜研究闭环（2026-07-12）,,,,
v419_structure_flip_expansion_closure_report.md,419,1632,,V419 结构翻转与二次扩张闭环审计,,,,
v517_frozen_replay_failure_attribution_20260806.md,517,6014,,V517 冻结回放失败归因（只读，2026-08-06） || 2025 的强势并非少数个股集中制造；它是广泛的市场/形态分布条件下发生的结果。不能将 2025 当作一般化证据。,,,,
v537_daily_ohlcv_frontier_inventory_and_closure_20260721.md,537,4933,,V537 日线 OHLCV / SMC 研究前沿库存与闭环（2026-07-21）,,,0.50,
v538_v517_lineage_reconciliation_and_frontier_closure_20260721.md,538,4917,,V538：V517–V523 证据谱系复核与研究前沿闭环（2026-07-21）,,,,
v65_release_gate.md,65,2135,,V65 Release Gate,,,,
v65_signal_sequence_audit.md,65,232,,V65 Signal Sequence Audit,,,,
v65_trade_provenance_audit.md,65,435,,V65 Trade Provenance Audit,,,,
v66_complete_execution_report.md,66,6306,,V66 完整差距分析与修复方案（执行总结报告）,,,,
v66_daily_completeness_gate.md,66,1757,,V66 Daily Completeness Gate,,,,
v66_detailed_backtest_report.md,66,14681,,V66 详细回测报告,,,,
v66_extra_hard_gates.md,66,13190,,V66 Extra Hard Gates,,,,
v66_field_semantic_closure_report.md,66,2873,,V66 Field + Semantic Closure Report,,,,
v66_frontend_realtime_field_closure_continued.md,66,2464,,V66 Frontend/Realtime Field Closure — Continued Verification,,,,
v66_gap_closure_execution_report.md,66,5498,,V66 缺口补齐审计结果 || - OB亏损不是单一止损参数问题，而是 zone 质量、entry 离 zone 过远、SL 与 zone 边界不一致、gap 穿透共同造成。 || - 现有 V66/V65 是在 V64/V59 历史交易结果上做 gate overlay，并未重新生成 Pine/LuxAlgo 严格信号。 || - OB 只应保留 rank0/首次触发；OB rank>=1 明显劣化，尤其 rank2+ 样本虽少但风险不可忽略。 || - 每日全市场覆盖已具备硬门禁，不再只是口头说明。,,,,
v66_integrated_repair_closure.md,66,3449,,V66 全流程修复闭环报告,,,,
v66_live_vs_backtest_gap_report.md,66,2680,,V66 实盘 vs 回测差异根因报告,,,,
v66_multi_retrace_rank_audit.md,66,2802,,V66 Multi-Retrace Rank Audit,,,,
v66_ob_loss_bucket_audit.md,66,2271,,V66 OB Loss Bucket Audit,,,,
v66_phase0_phase1_execution_report.md,66,5640,,V66 完整差距分析与修复方案（修复后验证报告）,,,,
v66_release_gate.md,66,3647,,V66 Release Gate,,,,
v66_signal_semantic_audit.md,66,11583,,V66 Signal Semantic Audit,,,,
v66_signal_sequence_audit.md,66,232,,V66 Signal Sequence Audit,,,,
v66_smc_methodology_closure_check.md,66,5569,,V66 SMC 闭环确认与未覆盖项 || - 当前最强桶是 FVG_Bull → BOS_Bull / REENTRY。,,,,
v66_trade_provenance_audit.md,66,435,,V66 Trade Provenance Audit,,,,
v67_promotion_gate.md,67,4380,,V67 Promotion Gate,,,,
v67_signal_semantic_gate.md,67,381,,V67 Signal Semantic Gate,,,,
v67_strict_registry_execution_report.md,67,3221,,V67 Strict Registry 执行与回退报告 || strict registry 的 OB/FVG/BOS/CHOCH 字段链路已经满足机器语义审计。 || 没有找到满足生产阈值的主组合子集；严格语义本身不能直接等价于可交易优势。,,,,
v681_single_frozen_t1_structure_replay_preregistration_20260810.md,681,2128,,V681：唯一冻结严格 T+1 结构执行回放预注册（2026-08-10）,,,,
v683_wdh_pure_smc_frozen_replay_closure_20260811.md,683,2039,,V683：周线→日线→60m 纯 SMC 状态机本体冻结闭环（2026-08-11）,,44.858,+0.1375,PF=1.0848
v686_v684_v685_identity_differential_closure_20260811.md,686,2134,,V686：V684/V685 生命周期安全链的身份差分失败——关闭 V684（2026-08-11）,,,,
v68_direction_classifier_execution_report.md,68,4569,,V68 Direction Classifier Execution Report || `ROLLBACK_KEEP_V66`.,,,,
v68_promotion_gate.md,68,4773,,V68 Promotion Gate,,,,
v68_signal_semantic_gate.md,68,377,,V68 Signal Semantic Gate,,,,
v691_v687_unique_liquidity_support_closure_20260811.md,691,1643,,V691：V687 唯一流动性参考本体闭环（2026-08-11）,,,,
v69_five_missing_gates_execution_report.md,69,3673,,V69 五项遗漏门禁验证报告,,,,
v69_missing_gates_audit.md,69,2250,,V69 Missing Gates Audit,,,,
v71_anti_live_sl_execution_report.md,71,2104,,V71 Anti Live SL Gate 执行报告,,,,
v71_sample_bias_and_gate_relaxation.md,71,3593,,V71 样本偏差与门禁放宽审计 || V71 的主要有效机制是 `SL buffer below zone_low`，不是 entry/risk/gap 门禁。,,,,
v72_layered_audit.md,72,1301,,V72 分层扩容审计,,,,
